From,To
E9P8I0,URE2
P0CY12,MATA2
P0CY10,MATA1
P0CS91,SSC1
P42844,ZIM17
Q7LKB1,SUP35
P25491,YDJ1
P25294,SIS1
P10591,SSA1
P11484,SSB1
P0CE70,NFT1
P40073,SHO1
P38822,BZZ1
Q03195,RLI1
Q6Q7I0,SUP35
E9P9A0,YGR043C
P15019,TAL1
P0CS82,HAP1
P21242,PRE10
P38249,RPG1
P52489,PYK2
P32335,MSS51
P32461,DPH2
P53538,SSU72
Q06697,CDC73
P0CT05,PBI2
P13188,GLN4
P40509,SEC28
P23293,SGV1
E9P9C0,YNL086W
P40003,VAB2
P34078,LTV1
E9P9B2,YIL127C
P47143,ADO1
Q06071,BLS1
P53839,GOR1
Q12043,TGL5
P31787,ACB1
P0CI39,STE2
P29311,BMH1
P07270,PHO4
P09232,PRB1
P00447,SOD2
P53975,YNL019C
P40013,BIM1
Q02486,ABF2
E9P8H7,YNL088W
P32892,DRS1
Q7LMB5,YNL085W
P40312,CYB5
P14796,RPL40A
P14796,RPL40B
P53136,NSA1
Q7LM79,YNL082W
P0CD92,AQY1
P49018,GPI8
P43542,COS4
Q12328,TIM22
P54854,HXT15
P47186,MPH2
P47186,MPH3
P33754,SEC66
P40027,HVG1
P40027,YER039C-A
P38723,COS8
P38264,PHO88
P29465,CHS3
Q08601,MCA1
P0CF32,SDC25
P61864,RPL40A
P61864,RPL40B
P61864,RPS31
P61864,UBI4
Q06449,PIN3
P40450,BNR1
P43543,DDI2
P43543,DDI3
Q02821,SRP1
Q12489,YDL012C
P40439,IMA3
P40439,IMA4
P50861,RIB4
P32628,RAD23
P42221,PAU19
P42221,PAU21
P42221,PAU22
P36019,YPT53
P26448,BUB2
P0CD89,AQY2
P35203,CTF13
P04824,MEL1
P12954,SRS2
P21965,MCK1
P40152,YNL217W
P29295,HRR25
P19658,EXO70
P33332,SEC3
P89102,SEC5
P32855,SEC8
Q00245,RHO3
P04911,HTA1
P14737,RAD9
P36125,GMH1
P47102,GEA1
P53266,SHY1
P39103,COX14
P00427,COX6
P40452,COA1
P07256,COR1
P04037,COX4
P00424,COX5A
P07143,CYT1
P00401,COX1
P40086,COX15
P04710,AAC1
P07257,QCR2
P49686,NUP42
P00127,QCR6
P00420,COX3
P00410,COX2
Q08749,TIM18
P87108,TIM10
P00175,CYB2
P04840,POR1
P19073,CDC42
Q06648,GIC2
Q06407,RGA2
P25693,PCL2
P24867,PCL1
Q12477,PCL9
A6ZT25,TOM71
Q04922,MFB1
P52891,NUP84
Q99257,MEX67
P34232,MTR2
P53011,SEH1
P46673,NUP85
Q04491,SEC13
P22213,SLY1
P41834,UFE1
P16474,KAR2
P53324,SAY1
P32915,SEC61
A6ZYI3,IVY1
Q12255,NYV1
P27801,PEP3
P11491,PHO8
P18759,SEC18
Q12241,VAM3
P32912,VAM7
Q03308,VPS16
P20795,VPS33
Q04338,VTI1
Q12230,LSP1
Q03407,PKH1
Q12236,PKH2
P49687,NUP145
P36161,NUP133
P35729,NUP120
Q02630,NUP116
P40433,PFK26
Q00955,ACC1
Q08981,ACM1
Q04412,AGE1
P40529,AGE2
P40563,AIM21
P38080,AKL1
P54115,ALD6
P43633,ALK1
P47029,ALY2
Q99186,APM4
P53974,ARK1
P47117,ARP3
P53244,ART5
P48361,ASK10
Q12527,ATG11
Q06628,ATG13
P50944,AVT4
Q12365,BBP1
Q01389,BCK1
P33306,BCK2
P47113,BFA1
P34730,BMH2
P53858,BNI4
P53890,BNI5
P38041,BOI1
P39969,BOI2
P53958,BOP3
P48524,BUL1
Q03758,BUL2
P17555,SRV2
P04821,CDC25
P53197,CDH1
P38265,IML3
Q01649,CIK1
P27895,CIN8
Q12145,CMR3
P38892,CRG1
P15790,CKA1
P19454,CKA2
Q12734,CSR2
P08678,CYR1
Q05080,HOF1
Q07533,CYK3
P06634,DED1
Q03063,DIG1
Q03373,DIG2
P40059,DOT6
P38213,DSF2
P53063,RAI1
P53208,EAT1
P38167,ECM21
Q03653,EFR3
Q07872,ENT4
Q04660,ERB1
P32353,ERG3
Q03898,FIN1
P40020,FIR1
P40068,FLO8
P22007,RAM1
P53739,FPK1
Q03002,FRK1
P00358,TDH2
P00359,TDH3
P04386,GAL4
P43574,GAT1
Q01722,GCR2
Q12263,GIN4
P40036,GIP2
Q03016,GIP3
P39732,GIP4
Q04233,GIS4
P18494,GLN3
P40956,GTS1
P48566,MSB3
Q12753,HAA1
P38970,HAL5
Q05580,HEL2
Q12276,HER1
Q04429,HLR1
Q03213,HOT1
Q99332,FRT1
Q08732,HRK1
P10592,SSA2
P09435,SSA3
P22202,SSA4
P32464,HYM1
P43598,IGD1
P25605,ILV6
P32351,IMP2'
P53901,INN1
Q12271,INP53
P00817,IPP1
Q06554,IRC20
Q03361,JIP4
P47135,JSN1
P17119,KAR3
Q12494,KCS1
P20485,CKI1
P13185,KIN1
P13186,KIN2
Q01919,KIN4
P25341,KIN82
P28743,KIP2
P36004,KKQ8
P38691,KSP1
P38800,LAM4
P25587,LDB16
P04173,LEU2
P36016,LHS1
P25579,LRE1
P34239,LST4
P41910,MAF1
P32783,ABD1
P32354,MCM10
Q06567,MCP2
P53094,MDS3
P40469,MET18
P43638,MHP1
P27705,MIG1
P34072,MKS1
P32047,MLF3
P39016,MPT5
P21339,MSB1
Q05812,MSC3
P38590,MSG5
P33748,MSN2
P33749,MSN4
P53604,MSO1
P38994,MSS4
P30771,NAM7
P25293,NAP1
Q06389,FRQ1
P36003,NNK1
P22211,NPR1
Q04958,NTE1
P40010,NUG1
P39705,NUP60
P12695,LAT1
Q12451,OSH2
Q05518,PAL1
P37304,PAM1
P08018,PBS2
P53238,PEF1
P25360,PHO87
P39104,PIK1
P53252,PIL1
P32634,PMD1
P32598,GLC7
P38148,PPS1
P33329,PPZ2
P40494,PRK1
P28708,PRR1
P31374,PSK1
Q08217,PSK2
P50896,PSP1
P36002,PTK1
P47116,PTK2
P40048,PTP3
Q12221,PUF2
Q07807,PUF3
P36166,PXL1
P07259,URA2
Q12044,RCN2
P25611,RDS1
Q00816,REG1
Q06108,RGC1
P38741,RIM4
Q02805,ROD1
P43602,ROG3
P51862,ROM2
P25042,ROX1
P38766,RRM3
P05759,RPS31
P05750,RPS3
P39940,RSP5
P53330,RTT102
P32608,RTG2
P53289,RTS3
P17121,SAC7
P53969,SAM50
P39955,SAP1
P38814,SBE22
P48415,SEC16
P30619,SEC1
P34228,SEF1
Q04279,SEG1
P34250,SEG2
Q06058,SEI1
P20134,SFL1
P38200,SHE1
P11978,SIR4
P34226,SKT5
P32790,SLA1
Q12098,SLX4
Q04007,SND1
P06782,SNF1
P25357,SNT1
P40317,SOK1
P32380,SPC110
P33419,SPC29
Q03868,SPO71
P23615,SPT6
P36167,SRL3
P40150,SSB2
P24276,SSD1
P46679,STB2
P36085,STB6
P38198,STU1
P53598,LSC1
Q03088,SVL3
P43554,SWP82
Q06836,SYT1
P48606,RBL2
P40328,YTA6
Q08921,TCO89
P40045,TDA2
P36165,TGL4
P34219,TOD6
P32356,NTH1
P35172,NTH2
P34760,TSA1
P39538,UBP12
P39001,UME6
Q02354,UTP6
P25591,VAC17
P40463,VHS2
P34761,WHI3
Q07655,WHI4
P40489,XBP1
P14680,YAK1
Q3E7Y5,YBL111C
P38321,YBR225W
Q05497,YDR338C
P34225,YEL1
P50089,YGR237C
P38899,YHR218W
P38750,YHL008C
P38809,YHR097C
P40497,YIL092W
Q07895,YLR001C
Q99296,YLR149C
P54072,YLR152C
Q06251,YLR177W
P39523,YMR124W
P53719,YNR014W
P53757,YNR071C
Q12040,YOR283W
P34161,YOX1
Q12531,YPR015C
Q12152,YPL150W
Q12523,YPL247C
P32793,YSC84
Q06224,YSH1
Q06681,YSP2
P47043,ZAP1
P50111,ZDS1
P38307,DER1
Q05787,HRD3
Q08109,HRD1
P25694,CDC48
Q03714,USA1
Q04228,UBX2
Q99220,YOS9
P33755,NPL4
P53044,UFD1
Q12743,DFM1
P34223,SHP1
P38349,UBX7
P52490,UBC13
P40210,SIP5
P53152,MMS2
P40343,VPS27
P38753,HSE1
P40348,RFC2
P38629,RFC3
Q06679,UTP4
P40362,UTP18
P40363,YJL068C
P14907,NSP1
P40368,NUP82
P40414,TPM2
Q08748,YOR296W
P26570,PPZ1
P36076,CAB3
P38829,YHR122W
P19807,HNM1
P40474,QDR2
P32465,HXT1
P32568,SNQ2
P33302,PDR5
P35735,SFK1
P36027,MID2
P38234,RFS1
P50276,MUP1
Q02785,PDR12
Q03640,TCB3
Q06689,YLR413W
Q07824,TPO1
Q3E756,YBL029C-A
P40477,NUP159
P40064,NUP157
P38810,SFB3
P40482,SEC24
Q04410,GRH1
P40485,SLM1
P10823,GPA2
P33413,DUR3
P53278,YGR130C
P53283,TPO2
Q07651,FMP45
Q12335,PST2
P38328,ARC40
Q04217,ECM16
P40504,KTR7
P40513,MAM33
P38310,FTH1
P40528,SYG1
P22137,CHC1
P15496,IDI1
P40535,CST6
P08518,RPB2
P40540,EMC5
P0CY06,MATALPHA1
P10614,ERG11
P14359,SNA3
P38782,MED6
P38902,RPB11
P39543,SOP4
P47006,RPA34
Q02866,MUK1
Q03860,TVP15
Q04377,LCD1
Q05359,ERP1
Q06144,ORM2
Q06408,ARO10
Q99278,MED11
Q3E806,YOR316C-A
P40559,INP51
P25567,SRO9
P40561,SGN1
P32588,PUB1
P53316,YGR250C
P40016,RPN3
P40577,MND2
P40581,HYR1
P0C268,YBL039W-B
P38009,ADE17
P54783,ALO1
Q06451,TPO3
Q12462,PEX11
P40582,GTT1
P38756,TCD1
P54837,ERV25
Q12270,RBD2
P21304,PWP1
P40693,RLP7
P53874,UBP10
P40958,MAD2
Q8TGU5,YBR296C-A
P40961,PHB1
Q08979,KEL3
P0CX10,ERR1
P40993,SNM1
Q07843,IRC19
P10127,ADH4
P40994,ARF3
P41697,BUD6
P41806,VMA21
P32366,VMA6
P32563,VPH1
P32610,VMA8
P39111,VMA7
P41807,VMA13
P53262,VOA1
P41809,HKR1
Q04048,SYF1
P41896,TFG2
P35208,SPT10
P41912,SHR5
P41921,GLR1
P31412,VMA5
P41940,PSA1
P32324,EFT1
P32324,EFT2
P38636,ATX1
P41810,SEC26
P53338,MAL13
Q10740,LAP2
P42838,LEM3
P11076,ARF1
P32660,DNF1
P42842,EMW1
P42935,ELP2
Q02884,ELP4
Q3E840,KTI11
P42945,UTP10
P43497,CWP2
P25361,YCR043C
P22219,VPS15
P43550,DAK2
P43555,EMP47
P32798,COT1
P38142,YBR241C
P38166,SFT2
P38929,PMC1
P43621,RET2
P46989,ATG27
P53337,ERV29
Q04651,ERV41
Q12016,VPS68
P25656,CDC50
P43556,RGD2
Q12057,PIN2
P43561,FET5
P23202,URE2
P43586,LOC1
P39744,NOC2
Q06205,FPR4
Q08235,BRX1
P43587,YPI1
P36047,SDS22
P43603,LSB3
Q08412,CUE5
P43612,SAP155
P43613,ERJ5
P43639,CKB1
P38930,CKB2
P46675,STU2
P46682,APL6
Q08951,APL5
Q12114,CHS5
P46956,PHO86
P40207,YMR134W
P46963,CTK3
P46962,CTK2
P46965,SPC1
P21825,SEC62
P39727,ERV46
P32319,PEP1
P32913,VPS17
Q03730,YML018C
Q08826,SNX3
Q12116,TMS1
Q2V2P9,YDR119W-A
Q92331,VPS5
P32495,NHP2
P53131,PRP43
Q03525,TMA23
Q6Q547,NOP10
P47031,IML2
P47068,BBC1
P40518,ARC15
Q04439,MYO5
P25655,CDC39
P47093,LSM8
Q06406,LSM6
P47104,RAV1
P47120,LIA1
P34244,HSL1
P50873,MRK1
P47122,NPA3
P47138,JJJ3
P40487,DPH1
P47146,ABM1
P53271,COG2
Q3E776,YBR255C-A
P47149,NNF1
P06776,PDE2
P47154,STE24
P16603,NCP1
P47155,ILM1
Q04201,CUE4
P47158,IBA57
P48564,MRX6
Q8TGJ2,YNR075C-A
P47165,XPT1
P39968,VAC8
P47170,IML1
Q04049,RAD30
P48353,HLJ1
P52553,YKE2
P48363,PAC10
P53900,GIM3
Q04493,GIM5
P32445,RIM1
P48570,LYS20
Q12122,LYS21
P48837,NUP57
Q02199,NUP49
P38875,GPI16
P39012,GAA1
Q04080,GPI17
P25619,HSP30
P49573,CTR1
P49775,HNT2
P33298,RPT3
P50086,NAS6
P29366,BEM1
P50090,KEL2
P38853,KEL1
P50094,IMD4
P50095,IMD3
P50106,RPA14
P50109,PSP2
P50273,ATP22
P23585,HXT2
P30605,ITR1
P32487,LYP1
P38143,GPX2
P38196,FUI1
P39719,FLC2
P40260,MEP1
P53049,YOR1
P53139,YGL108C
P53388,DIP5
P53390,MEP3
P53832,WSC2
Q06170,YLR326W
Q08967,FLC1
Q12256,TPO4
P50278,SOL1
P50942,INP52
Q07622,ACK1
P51979,HFM1
P39958,GDI1
P51996,YPT32
P20434,RPB5
P52893,ALT1
Q03370,PEX29
Q06263,VTA1
P52917,VPS4
P53008,CWH41
Q6Q5K6,HUG1
P40965,MSH4
P53038,TEL2
P53040,TAF6
P53045,ERG25
P38353,SSH1
P40350,ALG5
Q04969,SPC2
Q06156,YCS4
P53053,COS12
P40340,YTA7
P53068,DOC1
P53112,PEX14
P33760,PEX6
P40155,PEX17
Q07418,PEX19
Q12329,HSP42
P33895,NUF2
P53119,HUL5
P38996,NAB3
P53125,ITC1
P43593,UBP6
Q03049,YDR541C
Q96VH3,YCL021W-A
P07278,BCY1
P53145,LSG1
P38344,REI1
Q02256,YVH1
P53751,YNR065C
P53154,GUP1
P38694,MSC7
P53166,MRH4
P26364,ADK2
P53168,DUO1
P53172,SDS23
P33892,GCN1
P53191,PIB2
Q02205,MEH1
P53198,ERP6
Q12450,ERP4
P53199,ERG26
P53223,CAX4
P38242,ALG14
P53235,YGR054W
P38263,VID24
P53849,GIS2
P53241,VHT1
P53250,TWF1
P25847,MSH2
P53257,TPC1
P53261,NOP7
P38779,CIC1
P53267,DAM1
P53276,UTP8
P38882,UTP9
Q04177,UTP5
Q04305,UTP15
P38695,HXT5
P53290,GTR2
P53295,RBG2
Q03768,GIR2
P53309,YAP1802
P25623,SYP1
P53319,GND2
P53327,SLH1
P36119,YKR023W
P35844,KES1
P53332,CAB4
P53335,PXR1
P32583,SRP40
P32500,NDC1
P38819,ERP5
Q99287,SEY1
P38084,BAP2
Q02774,SHR3
P53438,SOK2
P53550,DCP2
P25644,PAT1
P35732,DEF1
P39517,DHH1
P39998,EDC3
P40023,EDC2
P40070,LSM4
P45978,SCD6
P53829,CAF40
P57743,LSM3
Q07084,SSK1
P53599,SSK2
P53600,RET3
P32074,SEC21
P41811,SEC27
P53691,CPR6
P53297,PBP1
P53730,ALG12
P33204,ARC19
P53731,ARC35
P37370,VRP1
Q05933,ARC18
Q12446,LAS17
P53734,DBP6
P53741,BRE5
P53742,NOG2
Q12522,TIF6
P53819,YRF1-6
P38235,YBR053C
P53822,COS1
P06102,NOT3
P34909,MOT2
P39008,POP2
P53935,NST1
Q12514,NOT5
P53834,HCH1
P53843,IST1
P69771,DID2
P24783,DBP2
P24784,DBP1
P38998,LYS1
P53852,YNL247W
P53872,YNL190W
Q07500,NDE2
P53873,SWT21
P53877,IPI3
P53879,RHO5
P38634,SIC1
P53924,DMA2
P53927,NOP15
P53959,COG6
P40094,COG3
P54113,ADE16
P23542,AAT2
P54781,ERG5
P08964,MYO1
P21147,OLE1
Q12226,AYT1
P18411,FUN14
P22289,QCR9
P35180,TOM20
P38295,EHT1
P53206,YGR012W
Q08926,UIP4
Q3E6R5,YDR381C-A
P54785,MOT3
P53551,HHO1
P06197,PIS1
P17898,CPT1
P38992,SUR2
Q02896,YDC1
P54839,ERG13
P54858,DOS2
P17423,THR1
P54861,DNM1
P33327,GDH2
P54885,PRO2
P02309,HHF1
P02309,HHF2
P61830,HHT1
P61830,HHT2
P27999,RPB9
P32447,ASF1
Q12373,HIF1
P39929,SNF7
P80667,PEX13
Q12465,RAX2
Q00402,NUM1
Q00578,SSL2
P11986,INO1
P16965,STF2
P37012,PGM2
Q00582,GTR1
P38247,SLM4
P36000,APL2
Q00776,APM1
Q01080,RPA49
P20447,DBP3
Q01448,HPC2
Q01574,ACS1
P80235,YAT1
Q01896,ENA2
Q01939,RPT6
P33297,RPT5
P33299,RPT1
P40327,RPT2
P53549,RPT4
Q02046,MTD1
Q06411,SPP382
Q02100,SKO1
P34077,NIC96
Q06142,KAP95
Q02206,RSC4
Q02555,RNT1
Q02574,MEC3
P35179,SSS1
Q07844,RIX7
Q02629,NUP100
P06775,HIP1
P35206,CSG2
Q03697,YMD8
Q02775,SLU7
Q3E7A4,CMC2
P47976,CTH1
Q02784,GRX5
Q02793,SKI8
P20435,RPO26
Q02795,SWP1
P17260,KRE1
P25334,CPR4
P35196,RER2
P36024,SIS2
P36091,DCW1
P38993,FET3
P40471,AYR1
Q12127,CCW12
Q02796,LGE1
Q04868,ELP6
Q06706,IKI3
Q12361,GPR1
P38874,IKI1
Q02908,ELP3
Q02959,HOS3
P28795,PEX3
Q02969,PEX25
Q03029,SPO19
Q03944,VPS64
Q03148,SNZ1
Q03390,VPS60
Q03435,NHP10
Q03516,RSN1
Q03529,SCS7
Q03554,GOT1
P39010,AKR1
Q03557,HER2
Q12247,FYV7
P46951,YPP1
Q03687,ANY1
P09620,KEX1
P40335,PEP8
P53728,CPR8
Q03782,SNU56
Q03835,GRX3
P19146,ARF2
P32386,YBT1
P35845,SWH1
P36164,TVP38
Q06815,MRL1
Q07528,ATG20
Q03862,ARX1
Q03880,PKR1
Q03921,DOP1
P38116,ARL1
Q03956,RAV2
Q03957,CTK1
Q04031,RRP17
Q04052,ARO80
P47131,YJR085C
Q04120,TSA2
P40470,RRT14
Q12168,ACF2
Q04322,GYL1
Q04344,HNT1
Q04370,PEX12
Q04383,PLM2
P38623,RCK2
P40024,ARB1
Q3E772,LSO2
Q04396,LPP1
P40071,TMN3
P53066,YGL242C
P33750,SOF1
Q04500,UTP14
Q04638,ITT1
Q04792,GAD1
Q04839,GFD1
P39936,TIF4632
Q04949,DYN3
Q04991,FMP42
Q05022,RRP5
Q05031,DFG5
Q05166,ASM4
Q05471,SWR1
Q05515,SVF1
Q05521,DPP1
Q05543,RTT103
Q05568,PEX10
P50079,HSV2
Q05584,GLO2
Q05611,BSC2
Q05672,RBS1
Q08281,RTC1
Q05919,VPS38
Q06078,UTP21
P25635,PWP2
Q06098,ISR1
Q06137,YLR345W
P38426,TPS3
Q06146,YLR257W
Q05790,CRR1
Q06147,LCB5
Q06151,DCS1
Q06162,NKP2
Q06169,PEX30
Q06178,NMA1
Q06213,NUT2
Q06216,PIG1
Q06217,SMD2
P38783,FYV4
Q06344,ESF1
Q06490,THI22
P43562,YFL040W
Q06497,ANT1
Q06505,SPN1
Q06506,RRP9
Q06132,SGD1
Q06541,ARV1
Q06549,CDD1
Q06551,ERF2
Q06623,HDA3
Q06630,MHR1
Q06672,TSR2
Q06677,SWA2
Q06708,VAC14
P43601,ATG18
Q07688,YPD1
Q07457,BRE1
P47057,SNX4
Q07549,SNA4
P34110,VPS35
Q07623,NOP6
P17064,FCY2
P28321,YJU3
P36169,SKG1
P47072,YJL016W
P53885,MDG1
Q06179,FMP27
Q07657,SHS1
P32458,CDC11
Q07788,COS7
P33202,UFD4
P48231,TCB2
Q05942,RSA3
Q6Q5X2,YDR034W-B
Q07830,GPI13
Q07950,YEH2
Q07953,SDO1
Q07979,RSC58
Q03010,UME1
P53032,SUT1
Q07980,MLH2
Q08176,MIM1
P38985,SRP14
Q08280,BSC6
Q08438,VHS3
P53859,CSL4
Q08491,SKI7
Q02772,PET191
Q08581,SLK19
P43588,RPN11
Q08723,RPN8
Q04062,RPN9
Q12250,RPN5
Q12377,RPN6
P53188,CGR1
Q08746,RRS1
Q08760,RAX1
Q08962,NIP7
P40078,NSA2
P36036,YRA2
Q12008,GPM2
Q12020,SRL2
Q12028,APL4
P35181,APS1
P38817,GGA2
P39526,LAA1
P47160,ENT3
Q12034,SLF1
P11075,SEC7
P39524,DRS2
P53277,SYF2
P38775,YHR045W
Q12091,DAP1
Q12140,BSC1
Q12154,GET3
P53192,GET1
Q12171,MDM32
Q12172,YRR1
Q12176,MAK21
Q12178,FCY1
Q12181,TAH18
P36152,DRE2
Q12189,RKI1
Q12199,TIP41
Q12200,NCR1
P25584,PEX34
Q12038,SRO7
Q12206,WTM2
Q12215,WSC3
Q12220,DIP2
P32590,SSE2
P39976,DLD3
P47039,BNA3
Q02201,OSH6
P32895,PRS1
Q12265,PRS5
P38689,PRS3
P38682,GLO3
Q06096,COG4
Q12277,RRP42
Q12289,CRC1
Q12315,GLE1
Q12324,YVC1
Q05998,THI7
Q12415,TFC7
P38910,HSP10
Q03792,RIM13
Q12434,RDI1
Q12443,RTN2
P39013,END3
Q12447,PAA1
P34221,PTC3
Q12452,ERG27
P38225,FAT1
P38604,ERG7
Q07804,YEH1
Q08215,PEX15
Q12466,TCB1
P35184,SQT1
P38861,NMD3
Q12525,MHT1
Q12675,DNF2
Q12692,HTZ1
Q6WNK7,SUS1
Q92317,NCB2
P40096,BUR6
Q99216,PNO1
Q99260,YPT6
P32864,MRS6
P23301,HYP2
P38791,DYS1
Q03124,RSC9
P32485,HOG1
Q06639,RSC3
P32597,STH1
P47037,SMC3
P32908,SMC1
P40541,IRR1
Q12158,MCD1
Q04264,PDS5
P32334,MSB2
P11792,SCH9
P22141,PRE1
P40303,PRE6
P25043,PUP1
P32379,PUP2
P38624,PRE3
P23638,PRE9
P40302,PRE5
P25451,PUP3
P23639,PRE8
P23724,PRE7
P21243,SCL1
P40029,MXR1
O13559,YRF1-4
P32565,RPN2
O13563,RPN13
O94742,SEM1
P00045,CYC7
P00899,TRP2
P01123,YPT1
P01120,RAS2
Q12383,TRM13
P07286,ALG7
P04046,ADE4
P04387,GAL80
P32450,AUA1
P05085,ARG81
P05373,HEM2
P05374,CHO2
P06100,CDC36
P06244,TPK1
Q04902,SNO4
P06784,STE7
P06786,TOP2
P20051,URA4
P07213,TOM70
P32332,OAC1
P07273,DST1
P07560,SEC4
P07285,TRP4
P31386,ATS1
P06245,TPK2
P08004,CHS1
P07703,RPC40
P47035,NET1
P28000,RPC19
P10964,RPA190
P08536,MET3
P08679,CIT2
P13134,KEX2
P38932,VPS45
Q06810,OPY2
P0CX15,YRF1-7
P53939,NIS1
P0CF34,SDC25
P0CX79,ASP3-4
P09959,SWI6
P10174,COX7
P28496,LAC1
P32340,NDI1
P38751,SHU1
P10963,PCK1
P11433,CDC24
P11632,NHP6A
P07170,ADK1
P12684,HMG2
P12683,HMG1
P12688,YPK1
P38837,NSG1
P12962,CAF20
P43592,FAR7
P13045,GAL3
Q08446,SGT1
P39005,KRE9
P13259,PCT1
P38890,SET5
P13433,RPO41
P13298,URA5
P13517,CAP2
P40209,GAT2
P13574,STE12
P14065,GCY1
P13711,POX1
P28625,YIM1
P34163,TGL1
Q06508,LOA1
P14693,SAM35
P12754,GCD2
P14741,GCN3
P15274,AMD1
P15365,DAL5
P15705,STI1
P15807,MET8
P16370,RPB3
P16467,PDC5
Q07786,SOR2
P16649,TUP1
P14922,CYC8
P17106,CBF1
P17261,ERS1
P17883,SKI3
P22140,EPT1
P18410,SPO7
P42944,GZF3
P19158,IRA2
P19524,MYO2
P19736,PRP9
P32801,ELM1
P19881,PHO13
P19880,YAP1
P38315,YBP1
P20604,SIT4
P20676,NUP1
P21372,PRP5
P21373,UTR1
Q12218,TIR4
P21538,REB1
P33331,NTF2
P21691,SIR1
P22138,RPA135
P22146,GAS1
P23201,SPA2
P23291,YCK1
P23561,STE11
P23900,FPS1
P27476,NSR1
P28007,GAR1
P38801,LRP1
P40040,THO1
Q02825,SEN54
P25045,LCB1
P38615,RIM11
Q12163,NBP2
P14747,CMP2
P25296,CNB1
P36054,RCN1
P25339,PUF4
P25336,MSH3
P25340,ERG4
Q08023,FMP25
P25343,RVS161
P39743,RVS167
P25386,USO1
P25454,RAD51
P53054,YGL262W
P25554,SGF29
Q12157,APC11
P25559,DCC1
P25569,GID7
P25583,KAR4
Q03497,STE20
Q99271,NHA1
Q05785,ENT2
P25637,YIH1
P36143,GLG1
P27472,GSY2
Q06625,GDB1
P46669,RPA43
Q03532,HAS1
Q12339,UTP23
P28274,URA7
P38703,LAG1
P28737,MSP1
P29055,SUA7
P29340,PEX4
P38843,CHS7
P38125,DTR1
Q12372,MMP1
P31383,TPD3
P31384,CCR4
P32263,PRO3
P32264,PRO1
P32347,HEM12
P32364,SMY1
P32381,ARP2
Q12156,AIM7
P32448,ASF2
P53379,MKC7
P32469,DPH5
P32492,MYO4
P36068,SHE2
P38272,SHE3
P32499,NUP2
P47054,NUP192
P42949,PAM16
Q02776,TIM50
Q01852,TIM44
P32897,TIM23
Q07914,PAM18
P39515,TIM17
P53220,TIM21
P36147,PAM17
P07807,DFR1
P36046,MIA40
P48563,MON2
P32502,GCD7
P32505,NAB2
P32558,SPT16
P38312,ERV15
P32566,SMI1
P32599,SAC6
P32622,YEF1
P32771,SFA1
P32784,SCT1
P32794,AFG2
P32802,EMP70
P32831,NGR1
D6VTK4,STE2
P32844,SEC6
P32858,AIM26
P32432,SFP1
P36017,VPS21
P36018,YPT52
P38063,PRS4
P38620,PRS2
P32906,MNS1
P12868,PEP5
P40959,MVP1
P32939,YPT7
P38764,RPN1
P33300,SUR1
P48362,HGH1
P33313,CNS1
P33328,SNC2
P33333,SLC1
P33338,SLA2
P33767,WBP1
P34160,STO1
Q08920,CBC2
P34217,PIN4
P42938,TDA10
P35182,PTC1
Q3E767,YNL067W-B
P35189,TAF14
P11747,TAF13
P38323,MCX1
P35718,RPC25
P04051,RPO31
P33891,TIP20
P39108,PEX7
P53010,PAN2
P36009,DHR2
P36010,YNK1
P53135,SLD3
P36014,GPX1
P36041,EAP1
P36048,SNU114
P35194,UTP20
P36049,EBP2
P37838,NOP4
P38202,YBL028C
Q12754,RRP12
P36051,MCD4
P36060,MCR1
P36095,VPS24
P36107,AUR1
P36108,DID4
P36132,KAE1
P53323,BUD32
P36148,GPT2
P37020,GEF1
P37261,FRM2
P37296,STV1
P38066,RIB1
P38067,UGA2
P38089,PTC4
Q12133,SPC3
P38090,AGP2
P38126,PCH2
P38137,PCS60
P38145,RIB5
P38146,YPT10
P38153,APM3
P40527,NEO1
P38195,ECM13
P38203,LSM2
P38206,RFT1
P38211,GPI18
P38216,YBR016W
P38227,QDR3
P38236,MUM2
Q06680,YCG1
P38260,FES1
P38261,EXO84
Q06245,SEC10
Q06328,YPQ2
Q12407,YDL199C
P38314,SDS24
P53251,SLX9
P38333,ENP1
P38342,TSC10
P38555,YPT31
P38626,CBR1
P38635,HIS2
P38688,SRP72
P25302,SWI4
P38699,STB5
P38715,GRE3
P25366,OCA4
P38738,OCA5
P38749,YAP3
P38755,OSH7
P38759,VPS29
Q03940,RVB1
P38768,PIH1
P38784,VMA22
P38787,PAN5
P38792,RRP4
P38795,QNS1
P38824,COX23
P38828,LSM12
P38839,SPL2
P38850,RTT107
P38852,LIN1
P38865,CTR2
P38880,MDM31
P38903,RTS1
P38920,MLH1
Q07350,PRP11
P38954,IPT1
P38962,TVP23
P38986,ASP1
P38988,GGC1
P39002,FAA3
P39079,CCT6
P39083,RGA1
P53905,LSM7
Q12517,DCP1
P39520,IFH1
P39525,CEM1
P39676,YHB1
P39742,SEC72
P39904,VPS52
P39996,GTT3
P40007,NOP16
P40018,SMB1
P38757,NEM1
P40037,HMF1
P40055,UTP7
P40061,TSC11
P40072,SLX8
P40088,FTR1
P11938,RAP1
P32591,SWI3
P18888,SNF6
P46677,TAF1
P13393,SPT15
Q03761,TAF12
P22082,SNF2
Q07471,THI3
P38141,THI2
P32896,PDC2
P32642,GRX4
P40344,ATG3
P38182,ATG8
P32585,SRB5
P19659,GAL11
Q08278,MED7
P32570,SRB6
P47822,SRB7
P38304,MED8
P40356,PGD1
P38633,SOH1
P05317,RPP0
P33308,CSE2
Q12124,MED2
P25046,ROX3
Q12321,MED1
P38077,ATP3
P02994,TEF1
P02994,TEF2
P39073,SSN3
P53114,NUT1
P32259,SIN4
P34162,SRB2
P19263,RGR1
Q12343,MED4
P17255,VMA1
P32776,TFB1
P36145,TFA2
P06242,KIN28
P0CG63,UBI4
Q08553,SYC1
P38886,RPN10
Q12287,COX17
P27882,ERV1
P08417,FUM1
P00445,SOD1
P53299,TIM13
P36078,HOT13
P47050,RTT101
P15731,UBC4
P06104,RAD6
P14682,CDC34
P15873,POL30
Q08226,CRT10
Q06211,MMS1
Q06164,MMS22
Q04373,PUF6
P15646,NOP1
P38925,SMF1
P02829,HSP82
P30656,PRE2
P43583,BLM10
P38737,ECM29
P06783,STE3
P38257,MMS4
Q04149,MUS81
P18409,MDM10
Q92328,MDM12
P41800,MMM1
P50110,SAM37
P40161,RTT106
P06701,SIR3
Q06103,RPN7
P32496,RPN12
P53196,RPN14
P03069,GCN4
P48582,BRO1
P32571,DOA4
P27614,CPS1
P52286,SKP1
Q12018,CDC53
Q92325,LAG2
Q08273,HRT1
Q12395,DCN1
Q03919,RUB1
P53866,SQS1
A6ZQD9,PHO90
P41543,OST1
P25344,STE50
P43573,BUD27
P26784,RPL16A
P32527,ZUO1
P25443,RPS2
P20459,SUI2
P36008,TEF4
P34756,FAB1
P53950,VAC7
P42837,FIG4
Q03406,SLD5
Q01454,CTF4
P20457,PRI2
P13382,POL1
P53840,TOF1
Q08032,CDC45
P25588,MRC1
Q12146,PSF3
P02294,HTB2
P38132,MCM7
P24279,MCM3
P38121,POL12
P40359,PSF2
P10363,PRI1
P02293,HTB1
P30665,MCM4
Q04659,CSM3
Q12488,PSF1
P48510,DSK2
P40087,DDI1
Q04658,SMA2
Q07732,ADY3
P53541,SPO1
Q08496,DIA2
P29469,MCM2
P38827,SET1
P38337,SHG1
P39706,SWD1
Q03012,SPP1
P00729,PRC1
P32854,PEP12
P38967,TAT2
P38170,BRN1
P07866,LTE1
P32657,CHD1
P53946,ARP5
P25628,ARE1
P53629,ARE2
P48562,CLA4
P14291,RED1
Q12306,SMT3
P31111,ZIP1
P20050,HOP1
P15891,ABP1
P35056,PEX5
P53933,APP1
Q08873,SCP1
P36006,MYO3
P32521,PAN1
P11710,FUS1
P32917,STE5
P36037,DOA1
P38140,ERT1
Q12510,CMR1
P38266,AIM3
P33400,RIM101
P53281,LSB1
Q06604,BSP1
P25604,STP22
Q12164,POM33
Q08229,NBA1
P32863,RAD54
P53169,YBP2
P53955,SLM2
Q06833,YPR091C
P47129,ACF4
P38870,YHR182W
P40095,YER158C
Q12344,GYP5
P40483,YIL108W
P53750,YNR064C
Q03780,YDR239C
P39927,PTI1
P53345,YRF1-3
P53345,YRF1-7
P53153,LCL3
P39939,RPS26B
Q03796,TPP1
P32490,MKK1
P36102,PAN3
P39938,RPS26A
P40453,UBP7
P39081,PCF11
P14242,PMS1
P34227,PRX1
Q12179,YPL245W
P38692,KIC1
P08458,SPS1
P43614,KEG1
Q03897,MTC5
P53279,FHN1
P07271,PIF1
P40021,ZRG8
P50076,DIE2
P32581,IME2
P47022,YJL118W
Q05549,HRQ1
P40989,GSC2
P54199,MPS1
P25374,NFS1
P04802,DPS1
Q07799,LMO1
P42884,AAD14
P53318,COQ6
P18900,COQ1
P38128,SMP1
Q07451,YET3
P40986,CDC1
Q06412,TUS1
P40187,PIG2
Q03508,YMR265C
P16661,ALG1
Q03018,ESP1
P32526,KAR9
Q03770,SSY1
P49095,GCV2
P24482,DPB2
P33334,PRP8
P47075,VTC4
P47101,YJR030C
P50275,ASE1
Q08989,YPL277C
Q08912,YOR389W
Q08172,YOL024W
Q99312,ISN1
O13535,TY1B-H
P39564,YAR068W
Q7LHG5,TY3B-I
P43585,VTC2
Q02725,VTC3
P32893,TRS65
P39977,YEL068C
P40012,HEM14
P32481,GCD11
P34758,SCD5
P40325,HUA1
Q12229,UBX3
P47150,RSM7
P39960,BEM2
Q08157,YOL019W
P54786,ZDS2
P32873,BEM3
P36070,RRN3
P40574,YAP5
P25389,KCC4
P39943,MIG3
Q06683,IRC3
P38746,YLF2
Q12027,YDL176W
Q12400,TRM10
P22580,AMD2
Q12342,LDB17
P23394,PRP28
P40519,YIL060W
P21734,UBC1
P53753,DSE4
Q08683,APC5
Q07505,YDL086W
P31244,RAD16
Q12166,LEU9
P38181,NUP170
Q04329,ICY1
P36080,RRP14
P47032,PRY1
Q05924,DCR2
Q02875,SYH1
P18480,SNF5
P36141,FMP46
Q08970,MMT2
P32909,SMY2
Q03466,EBS1
Q12498,PRM4
Q08216,YOL046C
P32337,PSE1
P36042,YKL202W
Q8TGK8,YPR160C-A
P25580,PBN1
Q04093,YDR444W
Q04053,SNX41
Q12469,SKM1
Q6Q572,YMR031W-A
P39935,TIF4631
Q06538,CSC1
P32463,ACP1
Q07534,HEM25
P38270,ATG14
P53118,ROG1
P25652,YCR087W
Q04749,AVO2
P36122,BCH2
P10566,MRS3
A0A023PXP4,YLR235C
Q8TGK9,YPL135C-A
P40352,RAD26
P38289,EXO5
P24814,GRR1
Q08984,YPL272C
Q12153,SSF2
P38789,SSF1
Q12071,VPS54
Q12267,SMC4
P39722,GEM1
P29539,RIF1
P53953,SFB2
P37254,ABZ1
Q12316,TY1B-GR3
Q12112,TY1B-NL1
Q12490,TY1B-BL
Q12193,TY1B-BR
Q04214,TY1B-MR1
Q03619,TY1B-ER2
P53882,TDA7
P04050,RPO21
P40085,EMP65
Q03691,ROT1
P41696,AZF1
A0A023PZD0,YFR036W-A
P32775,GLC3
P07149,FAS1
P28584,TRK2
Q04636,POB3
P38351,PAF1
P40351,ALG8
P41832,BNI1
P07245,ADE3
P38224,FIG1
P32621,GDA1
P14772,BPT1
P47114,YJR054W
Q02606,YPL014W
P39521,FHL1
A0A023PXA5,YAL019W-A
Q12069,PUS9
P50077,CCH1
P41833,IME4
P09119,CDC6
P36531,MRPL36
Q03233,ADD37
P53037,PSD2
Q08957,AFT2
P41695,BUB1
P38110,TEL1
Q06466,TDA6
P53285,VPS62
P42223,SBE2
P53260,GTF1
P06773,DCD1
P33550,KTR2
Q03707,SRC1
Q02651,SMA1
P47136,BUD4
Q04195,SIZ1
P38742,NPR3
P37298,SDH4
P39944,UBP5
P36061,YKL147C
P39113,CAT8
Q12346,YPR071W
P40364,MPM1
P48567,PUS4
Q12150,CSF1
P38129,TAF5
Q12243,YOR029W
Q08745,RPS10A
P46784,RPS10B
P00498,HIS1
P53161,YGL072C
P39535,PHO90
Q01846,MDM1
Q12412,PNS1
Q3E7Z0,YNL277W-A
Q12039,HMI1
P47030,TAX4
Q12532,RQC2
P53331,RNH70
P09368,PUT1
P22543,VPS34
Q08003,RFU1
P39965,AIM10
Q06315,SKG3
P16892,FUS3
Q06685,VIP1
P17442,PHO81
P31380,FUN30
P22516,CHL1
Q12180,HAL9
P38274,HSL7
P35198,MTH1
P33200,PDR3
Q02794,STD1
P25657,YCR099C
Q12674,DNF3
P14064,HAP4
P35688,LRG1
P05735,RPL19A
P05735,RPL19B
P25368,RRP7
Q01684,SPR6
P40460,NDC80
P39541,YJL195C
P47152,YJR115W
Q08236,AVO1
P39112,DSS1
Q07887,LDB18
Q99222,AFI1
Q06163,EST2
Q04781,RKR1
Q06640,YDR306C
P36172,VBA5
P33304,AFR1
P32457,CDC3
P28817,EHD3
P32604,FBP26
P53091,MCM6
Q07878,VPS13
Q06385,VPS74
P47115,YJR056C
P40355,YJR061W
Q04018,YMR244W
P53857,YNL234W
Q99299,AIM44
P27637,BUD14
P50082,AMA1
P48525,MSE1
P42073,REF2
Q00416,SEN1
P36155,YKR075C
Q04364,PEX9
Q04847,ROY1
P36025,YOR062C
P18961,YPK2
P53268,YGR114C
Q12440,APC2
P38995,CCC2
P33307,CSE1
P21657,DAL81
Q05670,FUS2
P13181,GAL2
P47013,LCB3
P25369,LSB5
P40550,PDR11
P53203,PEX31
P32945,PPQ1
P38863,SPC97
Q07798,SPO75
P38085,TAT1
P40308,TGL3
Q07963,UBR2
P38735,VMR1
P31379,LDS1
P90471,YBR109W-A
P25620,YCR022C
P87282,YDR271C
P47077,NOP9
Q06417,TDA5
Q04263,YML002W
Q04263,YML003W
Q02887,ATG21
P32639,BRR2
Q12432,EAF3
P18963,IRA1
P32333,MOT1
P46970,NMD5
P53860,PDR16
P40438,VTH1
P40091,PEA2
Q04436,YMR103C
Q08729,DSE3
P32491,MKK2
P16861,PFK1
Q08562,ULS1
O13588,YAL069W
P43541,YFL063W
P47188,YJR162C
Q08206,YOL036W
Q02207,FOX2
Q12245,POC4
P10080,SBP1
P38187,UBP13
P40341,YTA12
P53943,AQR1
P30822,CRM1
P32525,ECM25
P16151,ERD1
Q03081,MET31
Q08673,SRL1
P46676,SUM1
Q07349,MRX9
Q12239,YOL107W
Q06839,YPR097W
P24088,YRF1-1
P24088,YRF1-5
P24088,YRF1-8
Q12518,ENT1
Q12134,HUA2
P53745,MNT4
Q03306,PKH3
Q12334,SCM3
P42942,YGR210C
Q08182,YAP7
P00927,ILV1
P50091,PEX21
P53334,SCW4
Q04748,SOV1
Q07834,YLL032C
Q03833,GIS1
P53201,SWC4
Q08975,THI21
P07806,VAS1
Q3E791,YAL063C-A
Q3E774,YDL159W-A
P43596,IOC3
P38712,RRP3
P38114,TBS1
A0A023PYF7,YER172C-A
P53077,MTC3
Q03673,AIM34
P38844,DSE2
Q07454,YDL073W
P38065,APL3
P32266,MGM1
P24583,PKC1
P02400,RPP2B
P24813,CAD1
P53894,CBK1
P32378,COQ2
Q12072,IOC2
Q12019,MDN1
P36084,MUD2
P36118,NTR2
P31376,SWC3
Q12052,TGS1
P25606,YCR100C
Q12424,YDL206W
Q04411,URC2
P53831,YNL285W
Q08911,FDH1
Q04739,GAL83
Q01477,UBP3
P34216,EDE1
P40069,KAP123
Q12502,LDB19
P38111,MEC1
P40578,MGA2
Q02455,MLP1
P06777,RAD1
P33757,SPO23
P54787,VPS9
P25574,EMC1
Q12144,PER33
P40218,YMR147W
P53907,YNL144C
P19211,ANB1
Q00362,CDC55
P40038,PCL6
P47821,SSN8
P53060,RMR1
P47094,YJR023C
P47177,YJR149W
P32860,NFU1
Q12458,YPR1
P40077,DSE1
P54862,HXT11
P40054,SER3
P36007,SRY1
Q03935,YAP6
Q07442,BDF2
P43634,CHA4
P28006,GAC1
P41913,GDS1
P06774,HAP2
Q02516,HAP5
P25367,RNQ1
P53824,SNZ2
P43545,SNZ3
P54003,SUR7
Q04767,TVP18
Q12426,YDR010C
Q04562,TMN2
P53633,YIP3
Q12259,YLR108C
P10869,HOM3
Q07949,PSR2
Q12479,IRC11
P32501,GCD6
Q06817,GRS2
P32902,MRP4
P43582,WWM1
P33330,SER1
Q99341,FYV1
P32486,KRE6
P22149,AFT1
P34252,SLD2
Q3E747,YLR363W-A
P13090,ATR1
P47008,SFH5
P35190,CLG1
P40422,RPC10
P22139,RPB10
P34087,RPB7
P20433,RPB4
P20436,RPB8
P41895,TFG1
P49334,TOM22
P12385,SUP45
Q05775,HCR1
Q12389,DBP10
P22217,TRX1
P06169,PDC1
P22517,CMK2
Q08907,FIT3
P06633,HIS3
P38197,YBL036C
O43137,YBR085C-A
P53218,POP6
P38291,POP7
P40498,UTP25
P47083,MPP10
P25359,RRP43
Q12136,SAS10
P38879,EGD2
Q04477,SPC24
P40014,SPC25
P53148,SPC105
P16451,PDX1
Q12030,TAF10
Q05021,TAF7
P35177,SPT7
Q12060,HFI1
P22276,RET1
P35817,BDF1
Q02336,ADA2
Q12297,TAF3
P50105,TAF4
Q04226,TAF11
P53165,SGF73
Q05027,TAF9
P32494,NGG1
P40548,SNL1
P50875,SPT20
Q03330,GCN5
Q12159,YRA1
P38915,SPT8
P06844,SPT3
Q03067,SGF11
Q03750,TAF8
P23255,TAF2
P25558,BUD3
P00360,TDH1
P43579,IES1
P38851,LAM1
P29547,CAM1
P38987,TEM1
P39015,STM1
P36100,TFA1
P49166,RPL37A
Q04779,RCO1
Q03290,TFB3
Q12004,TFB4
Q04673,SSL1
P21269,CCA1
Q02939,TFB2
Q3E7C1,TFB5
P06839,RAD3
Q06339,TFC6
P32367,TFC1
Q12308,TFC8
P34111,TFC3
P33339,TFC4
P35178,RRP1
Q03973,HMO1
P14832,CPR1
P48836,VMA10
P16140,VMA2
P53552,THO2
O13539,THP2
P33441,MFT1
P38070,YPK3
P10081,TIF1
P10081,TIF2
P16521,YEF3
Q07959,IZH3
Q12099,FAL1
P47171,HIR3
P04912,HTA2
P39987,ECM10
Q06440,CRN1
P07246,ADH3
Q06705,CSR1
P53226,BUD9
P32497,NIP1
Q04067,TIF35
P40217,TIF34
P06103,PRT1
P07260,CDC33
P38431,TIF5
P27654,TIP1
P33315,TKL2
P23254,TKL1
P52910,ACS2
P32773,TOA1
P32774,TOA2
P42847,MRPS18
Q12275,YOR093C
P43607,RRT5
Q12284,ERV2
Q02208,TOF2
P53141,MLC1
Q03280,TOM1
P38788,SSZ1
P15108,HSC82
P04786,TOP1
P38237,UBP14
Q02209,YKR011C
P23595,PPH22
P23594,PPH21
Q12461,RRD2
P38147,CHK1
Q00764,TPS1
P31688,TPS2
P38427,TSL1
P53632,PAP2
P47047,MTR4
Q12476,AIR2
Q06704,IMH1
P15565,TRM1
Q12009,TRM8
Q03774,TRM82
P04806,HXK1
P00937,TRP3
P28240,ICL1
P38816,TRR2
P29509,TRR1
Q04183,TRS120
Q99394,TRS33
P36149,BET3
Q03784,TRS23
Q03337,TRS31
Q07381,TSR1
P42846,KRI1
P37263,YCR087C-A
Q12080,NOP53
P38934,BFR1
P05755,RPS9B
P38228,TCM62
P38152,CTP1
P40160,RIO2
P09734,TUB3
P09733,TUB1
P53378,TUB4
P36421,TYS1
P32377,MVD1
P22515,UBA1
Q04033,YDR415C
P31373,CYS3
P52488,UBA2
Q06624,AOS1
P38820,UBA4
P46655,GUS1
P15732,UBC5
P28263,UBC8
P25037,UBP1
Q12224,RLM1
P24384,PRP22
P40850,MKT1
P53254,UTP22
P25382,RSA4
P53317,NOP19
P43535,GCN20
P33322,CBF5
P36026,UBP11
P53104,ATG1
P29478,SEC65
P40019,CHZ1
Q99247,DUF1
P50101,UBP15
P46674,SAC3
P39990,SNU13
Q12460,NOP56
P21954,IDP1
P38192,RRT1
P33751,PAD1
Q06673,ECM30
Q01476,UBP2
Q12242,RUP1
P38972,ADE6
Q08245,ZEO1
P18899,DDR48
P25615,POL4
P46944,TRS85
P35169,TOR1
P38316,ATG12
Q03818,ATG16
Q12380,ATG5
P53622,COP1
P14540,FBA1
P00560,PGK1
P40458,ATG32
I6LAD1,ATG30
Q8NJJ4,ATG8
Q92262,PEX3
Q9C438,ATG11
P46983,ATG36
P06838,RAD10
P39735,SAW1
P15436,POL3
Q03694,INP1
P35193,ATG19
P14904,APE1
Q12292,ATG34
P33301,XRS2
P32829,MRE11
P12753,RAD50
Q12050,ELG1
P43618,CNN1
P40568,DSN1
P39731,MTW1
Q12143,NSL1
Q03790,NUP53
P32835,GSP1
P38297,FZO1
P38523,MGE1
P16547,OM45
P53507,TOM7
P38736,GOS1
P23644,TOM40
P22855,AMS1
P29496,MCM5
P39995,EAF5
Q06337,EAF1
P38811,TRA1
P53930,YAF9
P80428,ARP4
P47128,EAF6
P43572,EPL1
P60010,ACT1
P38806,YNG2
Q08649,ESA1
P53911,EAF7
P22579,SIN3
P32561,RPD3
P40505,SDS3
P50947,PHO23
P10961,HSF1
P43565,RIM15
P53897,IGO1
P40576,INA22
P07251,ATP1
P00830,ATP2
Q12165,ATP16
Q02888,INA17
P07253,CBP6
P30902,ATP7
P05626,ATP4
P37267,CBP4
P21560,CBP3
P09457,ATP5
Q3E7B2,COA3
P09032,GCD1
Q05791,CDC123
P27616,ADE1
P37898,AAP1
C8Z3H3,EC1118_1A20_0804g
O60200,MDM35
Q05776,UPS1
P35200,UPS2
Q04006,UPS3
P06787,CMD1
P48240,MTR3
Q08285,RRP40
P46948,SKI6
Q08162,DIS3
Q05636,RRP45
P53256,RRP46
P40342,SWM2
P38352,SAF1
P07834,CDC4
P47015,AIM23
P47005,DAS1
P41920,YRB1
P11745,RNA1
P32602,SEC17
P35187,SGS1
Q02685,RMI1
P13099,TOP3
P38873,KOG1
Q02783,MFM1
Q01926,MRS2
P0C2J0,TY1B-PR2
A6ZPY2,TMA22
A6ZN26,NIP1
A6ZUA1,DBP3
P0C2H9,RPL31B
A6ZZ25,TIF35
A6ZMA9,ERB1
P0C2H6,RPL27A
A6ZMK5,TIF34
A6ZPJ1,PRT1
A6ZRX0,DBP2
A6ZQJ1,TIF1
A6ZQJ1,TIF2
A7A0V3,RPS0B
A6ZPE5,NOP58
A6ZXG9,DHH1
Q04711,TY1B-ML1
A6ZP47,DED1
P05030,PMA1
P09064,SUI3
P48589,RPS12
P40185,MMF1
P35691,TMA19
P26321,RPL5
P32787,MGM101
P04801,THS1
P26637,CDC60
P14742,GFA1
Q07896,NOC3
P05736,RPL2A
P05736,RPL2B
P38013,AHP1
P15180,KRS1
P36105,RPL14A
P02365,RPS6A
P02365,RPS6B
P37291,SHM2
P02406,RPL28
A6ZPA9,YTM1
P04451,RPL23A
P04451,RPL23B
P07991,CAR2
P28241,IDH2
P00950,GPM1
P38720,GND1
P41056,RPL33B
P41338,ERG10
P37292,SHM1
P28777,ARO2
P38286,IFA38
P36013,MAE1
P46672,ARC1
P38687,SRP68
P07280,RPS19A
Q12024,YTM1
P33442,RPS1A
P39078,CCT4
Q08492,BUD21
P14120,RPL30
P07263,HTS1
P06105,SCP160
P15624,FRS1
P49631,RPL43A
P49631,RPL43B
P39077,CCT3
P23248,RPS1B
P19358,SAM2
P26786,RPS7A
P05753,RPS4A
P05753,RPS4B
P10664,RPL4A
P07283,SEC53
P22336,RFA1
P42943,CCT7
Q12213,RPL7B
P25617,YCR016W
P05738,RPL9A
Q02892,NOG1
P04147,PAB1
P00924,ENO1
Q07362,PBP4
P0C2I0,RPL20A
P0C2I0,RPL20B
P05754,RPS8A
P05754,RPS8B
P02407,RPS17A
P26782,RPS24A
P26782,RPS24B
P39741,RPL35A
P39741,RPL35B
P05748,RPL15A
Q08972,NEW1
P53883,NOP13
P39729,RBG1
P40413,CCT5
P38088,GRS1
P0C0T4,RPS25B
Q03048,COF1
P39076,CCT2
P38061,RPL32
P14126,RPL3
Q12117,MRH1
P38708,YHR020W
P16862,PFK2
O14455,RPL36B
P38754,RPL14B
P53982,IDP3
P08566,ARO1
Q12680,GLT1
P05756,RPS13
Q07915,RLP24
P05744,RPL33A
P38707,DED81
P38219,OLA1
P47089,TMA22
Q03690,CLU1
P39954,SAH1
P10622,RPP1B
P38911,FPR3
Q08689,NAT5
Q00684,CDC14
P32861,UGP1
P17076,RPL8A
P14127,RPS17B
P26785,RPL16B
P04449,RPL24A
P20606,SAR1
P0C0W1,RPS22A
P15703,BGL2
P09440,MIS1
P05740,RPL17A
P07342,ILV2
P32827,RPS23A
P32827,RPS23B
P04456,RPL25
P53960,YNL040W
Q02753,RPL21A
P47079,CCT8
P32288,GLN1
P05749,RPL22A
P87262,RPL34A
P32529,RPA12
P41805,RPL10
P12904,SNF4
P26783,RPS5
Q08208,NOP12
P07347,ARD1
P06168,ILV5
P05739,RPL6B
P89886,TMA20
P40525,RPL34B
P07279,RPL18A
P07279,RPL18B
P0C0W9,RPL11A
P00549,CDC19
P05453,SUP35
P38701,RPS20
Q3E792,RPS25A
P22147,XRN1
A6ZV85,NOP7
P32466,HXT3
P33401,PGM1
P53914,KRE33
P32471,EFB1
P53981,YNL010W
P04807,HXK2
P07281,RPS19B
P39730,FUN12
P29453,RPL8B
Q02931,NAN1
P40991,NOP2
P0C2H7,RPL27B
Q99258,RIB3
P26781,RPS11A
P26781,RPS11B
P35271,RPS18A
P35271,RPS18B
Q3E757,RPL11B
P00942,TPI1
P48164,RPS7B
P12612,TCP1
P38912,TIF11
P18239,PET9
P38011,ASC1
P10659,SAM1
P28272,URA1
P33201,MRT4
P05319,RPP2A
Q12000,TMA46
P46654,RPS0B
P17079,RPL12A
P17079,RPL12B
P40212,RPL13B
P19097,FAS2
P47064,APS3
P39516,RPS14B
P41277,GPP1
P37262,SOL2
P05737,RPL7A
P38205,NCL1
P34241,URB1
Q02326,RPL6A
P05743,RPL26A
P53163,MNP1
P40213,RPS16A
P40213,RPS16B
Q12499,NOP58
Q01855,RPS15
P02557,TUB2
P24000,RPL24B
Q3E7Y3,RPS22B
P07262,GDH1
P53030,RPL1A
P53030,RPL1B
P00330,ADH1
P12709,PGI1
P04161,ADE8
P07284,SES1
P00925,ENO2
P46990,RPL17B
A6ZXP4,SUB2
P49167,RPL38
Q07897,CMS1
P53184,PNC1
Q3E754,RPS21B
Q12087,RPS30A
Q12087,RPS30B
P16550,APA1
P38711,RPS27B
P25379,CHA1
P32899,IMP3
P10962,MAK16
P39522,ILV3
P38625,GUA1
P18562,FUR1
P15424,MSS116
P21576,VPS1
Q03735,NAB6
P0C0V8,RPS21A
P07244,"ADE5,7"
Q07478,SUB2
P47052,YJL045W
P21524,RNR1
P15625,FRS2
P04650,RPL39
P47912,FAA4
P32449,ARO4
Q06698,YLR419W
P53941,IMP4
P35997,RPS27A
P12945,NAT1
P16387,PDA1
Q00711,SDH1
Q08925,MRN1
P38931,SSN2
Q04307,RPC11
P32349,RPC82
P25441,RPC53
P36121,RPC37
P32910,RPC34
P17890,RPC31
P47076,RPC17
Q08457,SLD7
P25348,MRPL32
P39925,AFG3
P48558,BXI1
P23641,MIR1
P50277,BIO3
P32914,SPT4
P27692,SPT5
P32804,ZRT1
P40062,YER097W
P40030,ERG28
P51533,PDR10
P36062,AVT3
Q04182,PDR15
P53756,PDR18
P40219,OSW5
P20107,ZRC1
P39109,YCF1
P32901,PTR2
Q08234,YOL075C
P41909,PXA1
P34230,PXA2
P25373,GRX1
Q08409,AUS1
P53898,NSG2
Q06644,PMT7
Q03362,YDR476C
P25371,ADP1
Q3E7B7,YDL085C-A
P07274,PFY1
P38778,SMF2
Q08777,MCH5
P39709,SEO1
Q12032,AIM41
P25376,AGP1
P38081,YBR056W
P40076,YER121W
P39962,YCK3
P23292,YCK2
Q08954,YPL199C
Q12515,PAR32
Q08971,YPL225W
P14020,DPM1
P46964,OST2
Q3E6R4,YDR524C-B
P23968,VMA16
P25515,VMA3
P0CE68,NFT1
P29704,ERG9
P39734,FRT2
Q08271,GAS4
P28707,SBA1
P49723,RNR4
P00931,TRP5
P22803,TRX2
P53156,YGL081W
Q08929,GUP2
P40056,GET2
P0CE41,HAP1
P53748,YNR062C
Q04602,VBA4
P52870,SBH1
Q12025,EMC10
P32472,FPR2
P40318,SSM4
Q99190,TSC13
P53903,PGA2
P31377,SYN8
P38335,MTC4
Q12403,ERP3
Q3E736,YOR192C-C
P08525,QCR8
P47090,YJR015W
P47185,HXT16
P32363,SPT14
Q03795,YMR155W
Q3E764,TMA7
P31381,FUN26
P40159,YNL208W
P40009,YND1
Q12155,YLR050C
P53217,YGR026W
P40319,ELO3
Q04947,RTN1
P21264,ADE2
P69851,DAD4
P43557,FMP32
P47123,MOG1
P06208,LEU4
P32911,SUI1
P0CS90,SSC1
P53200,EFM5
P32582,CYS4
P13663,HOM2
Q03161,YMR099C
Q3E795,YLR361C-A
P34167,TIF3
Q12118,SGT2
P47818,CCC1
Q02642,EGD1
P40046,VTC1
P47111,VPS55
Q03322,TLG1
P12866,STE6
P38248,ECM33
Q08193,GAS5
Q05164,HPF1
P39926,SSO2
P53155,YGL082W
P40361,YJL070C
P43610,IRC5
P38299,YBR184W
Q04964,SML1
P38697,IMD2
P39567,IMD1
P53239,COX18
P25642,IMG2
P36517,MRPL4
P36534,MRPL40
P36516,MRPL3
P32387,MRP20
P36520,MRPL10
P23369,MRPL25
Q02732,CTF19
P47167,MCM22
Q12262,MCM16
Q06675,MCM21
P38313,AME1
P38907,CHL4
P53298,OKP1
P01097,INH1
Q12330,SME1
P01098,STF1
P13902,INO4
P26798,INO2
P53115,INO80
Q12386,ARP8
Q12464,RVB2
P38144,ISW1
Q04213,IOC4
P38803,IPI1
P38883,RIX1
P38991,IPL1
P40093,YER156C
P38283,SLI15
Q07821,ISA1
Q08964,YPL216W
P48526,ISM1
Q08773,ISW2
P40366,DLS1
Q07532,IWR1
P40041,VHR2
Q03705,CGI121
P46984,GON7
P38217,KAP104
P53067,KAP114
P28003,FUN19
Q05050,EIS1
Q04336,YMR196W
P39961,TOG1
P08425,MSF1
P38079,YRO2
P36022,DYN1
P40089,LSM5
P36103,YKL023W
Q12425,ISA2
Q08199,SIL1
P19262,KGD2
P20967,KGD1
P25586,KRR1
P34253,KTI12
P32473,PDB1
P47137,YJR096W
P26754,RFA2
P40079,LCP5
Q06631,BFR2
Q08963,LEA1
Q02554,CUS1
P49955,HSH155
Q02260,SMD1
P40567,MSL1
P38439,LEO1
P89105,CTR9
P53064,RTF1
P07264,LEU1
P22438,MSM1
P40106,GPP2
P53150,LIF1
P39726,GCV3
Q06005,LIP2
P32875,LIP5
P12685,TRK1
Q07923,LOT6
P32524,PRP21
Q12149,RRP6
P53312,LSC2
P47017,LSM1
P49960,PRP24
P49704,PRP31
Q03338,PRP3
P43321,SMD3
P35719,MRP8
P26309,CDC20
Q07508,LUC7
P53207,SNU71
P32605,MUD1
P33203,PRP40
Q00916,SNP1
P38177,YBL086C
P51402,RPL37B
P49367,LYS4
P40957,MAD1
P40202,CCS1
P31539,HSP104
Q02197,MAK10
P23059,MAK31
P10662,MRP1
Q03503,MAK3
P21771,MRPS28
P38175,MRP21
O75012,MRP10
P17558,PET123
Q02950,MRP51
P27929,NAM9
P38120,MRPS9
Q03430,RSM28
P53292,MRPS35
P40496,RSM25
P36056,RSM22
Q12161,PSH1
P15442,GCN2
P40164,PSY2
P32569,SRB4
P39984,HAT2
P21827,SRM1
P33399,LHP1
P20424,SRP54
P32342,SRP21
P33296,UBC6
Q06070,YLR407W
P39708,GDH3
P22470,SAN1
P54860,UFD2
P53978,HEF3
Q03649,YMR210W
P25297,PHO84
P36160,RPF2
P38631,FKS1
P38630,RFC1
P38704,STP2
P32478,HSP150
P51401,RPL9B
P40028,YEN1
P32600,TOR2
P38193,PSY4
P32345,PPH3
P53043,PPT1
P38698,PPX1
P12383,PDR1
P53147,TOS8
Q12212,SIA1
Q05892,COQ11
P47014,YJL132W
P30657,PRE4
P25659,FUB1
P00044,CYC1
P00431,CCP1
P50102,UBP8
Q12223,RAD59
P25719,CPR3
P40005,GIM4
P46988,PFD1
P41818,GLC8
Q01329,PTA1
P36104,SWD2
P47011,GLG2
P23337,GSY1
P15303,SEC23
Q06813,YPR078C
P48365,GYP7
P47119,HAM1
P13434,HAP3
Q12341,HAT1
P38826,ORC6
P47181,YJR154W
P54784,ORC1
P50874,ORC5
P32833,ORC2
P54791,ORC4
P54790,ORC3
P20448,HCA4
P25364,HCM1
Q12483,SNF8
P25377,ADH7
P47142,VPS25
P35999,1-Oct
P53973,HDA1
Q06629,HDA2
P38199,HEK2
P32807,YKU70
P43609,RSC8
P17536,TPM1
P25646,PTC6
P40480,HOS4
P36124,SET3
P38262,SIF2
P17629,HPR1
P25555,GBP2
P38922,HRB1
P32327,PYC2
P53851,TEX1
P16120,THR4
Q03558,OYE2
P05694,MET6
Q07468,VAM6
P15700,URA6
P38786,RPP1
Q12074,SPE3
P43616,DUG1
P40825,ALA1
P00815,HIS4
Q04693,RSE1
Q99181,HSH49
P22943,HSP12
P47176,BAT2
P33759,MRPS5
P06101,CDC37
P38241,ECM2
P53685,HST1
P41911,GPD2
P32325,DBF4
P43124,NSE4
P52593,NUP188
Q06707,SWC7
P47110,POL32
P46957,POL31
P28834,IDH1
P46958,IDS2
P07267,PEP4
Q12345,IES3
P40060,IES5
Q08561,IES4
P09436,ILS1
P06704,CDC31
P19882,HSP60
O42831,YAR075W
Q06410,ATG17
P53333,CWC22
P40066,GLE2
Q06218,DBP9
P47019,ALB1
P40454,RRD1
P35728,MPE1
Q12102,CFT2
P42841,PFS2
Q12511,PTC5
Q06214,JIP5
Q03983,YDR179W-A
Q08647,PUS7
P11154,PYC1
Q08204,SMC5
Q02890,PNG1
P14736,RAD4
P26793,RAD27
P06778,RAD52
P22216,RAD53
Q03162,MUB1
P10862,RAD18
P29703,RAM2
P18898,CDC43
Q02792,RAT1
Q08965,BMS1
Q08096,RCL1
P46995,SET2
P26755,RFA3
P38859,DNA2
P38888,MNL1
P40339,RFC4
P38251,RFC5
P16664,RGP1
P40395,RIC1
Q12495,RLF2
Q04199,CAC2
P13712,MSI1
P25298,RNA14
P25299,RNA15
P43620,RMD8
P53942,RNH201
Q05635,RNH202
P09938,RNR2
P21672,RNR3
P15992,HSP26
Q04924,GTB1
P38138,ROT2
P33314,BUD2
P23643,VPS3
P38255,RXT2
P47018,MTC1
Q12347,HRT3
Q08287,NOP8
P17709,GLK1
P32559,MSS1
P38112,MAK5
P39683,NPT1
P53617,NRD1
P38082,NRG2
P25649,AHC2
P36111,YKR015C
P38302,NTC20
Q12309,CLF1
P32523,PRP19
P34218,SAS3
Q12311,NTO1
P50946,OCA1
P53949,OCA2
P53965,SIW14
P53743,ESF2
P53397,OGG1
Q12748,CTF3
P39937,PAC2
P40987,CIN1
P29468,PAP1
P45976,FIP1
Q06632,CFT1
P40186,PCL7
P53177,TYW3
Q03920,MTQ2
P47065,PET130
P53111,ARI1
Q02773,RPM2
Q06102,YTH1
P17157,PHO85
P20052,PHO80
P05066,PHR1
P11353,HEM13
Q03388,VPS72
P51601,FOL2
P24870,CLB3
P28495,CAP1
P53246,ENV11
Q03760,PML39
P21951,POL2
P27344,DPB3
Q04603,DPB4
P41812,POP1
P53833,POP3
P38336,POP4
P28004,PRP45
Q12417,PRP46
P15938,PRP16
P19735,PRP6
Q12420,SNU66
P20053,PRP4
Q00723,PRP38
Q12368,SNU23
P38282,SPP381
P39682,PRP39
Q03776,PRP42
Q00539,NAM8
Q05900,YHC1
P52868,CWC23
Q03654,CEF1
P32357,AAR2
P39692,MET10
P40512,PCI8
Q06511,RRP15
P32343,SSH4
P37366,CCL1
Q12427,STB3
Q06168,SFH1
Q05123,ARP9
Q12406,ARP7
P25632,RSC6
Q06488,RSC2
P53236,RSC1
P32832,NPL6
P38989,SMC2
Q03433,VPS71
P38326,SWC5
Q12509,ARP6
P43132,BRE2
P38123,SWD3
Q03323,SDC1
P09547,SWI1
P53628,SNF12
P39678,MBP1
P21374,ISY1
Q02457,TBF1
Q05934,VID22
P38319,TDP1
Q04119,PPN1
P14306,TFS1
P08468,PET111
P47183,THI11
Q08231,THP1
Q12481,RRP36
P53303,ZPR1
P48561,TRF5
P40032,TPA1
P38793,TRM5
P20049,TYR1
Q03201,RSM10
Q07825,FRA1
Q03799,MRPS8
P36151,YKR070W
P53243,YGR067C
P43577,GNA1
P46971,PMT4
P46947,BUD13
P25337,BUD31
Q03375,CWC21
P20095,PRP2
P54999,SMX3
P39992,YEL023C
P40204,SMX2
P32767,KAP122
P53844,PDR17
Q07800,PSR1
P25502,PUT3
P12611,WHI2
P07250,ARG82
P39724,BOL3
P06106,MET17
P47096,BNA1
Q02521,SPP2
P38705,DIA4
Q05946,UTP13
P43123,QRI1
P38632,MMS21
Q99207,NOP14
Q05541,NSE3
Q08924,RTT10
P28519,RAD14
P48581,RAD17
Q04231,RAD33
P32849,RAD5
Q03071,ELC1
P06779,RAD7
P01119,RAS1
P53195,COG7
P19541,RDS2
Q12192,RFM1
P48743,RFX1
Q08417,RSB1
P38339,RGD1
P46949,FYV8
P48565,RIM21
P47118,YAE1
P53846,LTO1
Q08685,CLP1
Q08930,YPL191C
P48445,BPL1
Q12314,SFM1
Q06678,MRPL35
P22353,MRPL8
Q04599,MRPL1
Q08227,INP54
Q12194,RGL1
P36136,SHB17
P32361,IRE1
P47108,URB2
Q02724,ULP1
P35207,SKI2
Q04431,KRE28
Q01532,LAP3
P32190,GUT1
P33775,PMT1
P38222,RKM3
Q01662,MAP1
P11914,MAS2
P10507,MAS1
P39534,MBB1
Q12493,NKP1
Q12387,MDM20
Q06504,NAT3
P00958,MES1
Q03976,RSM24
Q01163,RSM23
P12687,MRP7
P36519,MRPL7
P36528,MRPL17
P36523,MRPL15
P36532,MRPL37
P53875,MRPL19
P36521,MRPL11
Q03834,MSH6
P32048,MSK1
P08593,MSS18
P18851,STE4
P40507,AIR1
P53971,FAP1
P12686,MRP13
P39985,POL5
P40517,YRB2
Q08444,NOB1
Q06188,YLR455W
P36120,DBP7
Q05029,BCH1
Q12421,ATG31
Q99316,MPD2
P20486,CKS1
P00546,CDC28
P17891,CLC1
P53167,PUS2
P53951,COG5
P53079,COG1
Q04632,COG8
Q08966,PCL8
P07258,CPA1
P03965,CPA2
P47103,CPR7
P36053,ELF1
P36525,MRPL24
Q03981,CSN9
Q12348,RRI2
Q12468,RRI1
Q04368,CSI1
P38877,CTF8
P53830,CUS2
Q03631,WAR1
Q12248,DAD1
Q03954,SPC19
P36131,SPC34
P20449,DBP5
P38719,DBP8
P38254,PBY1
Q12508,RMD5
P40208,GID8
P53076,VID30
P40547,VID28
P40492,FYV10
P53725,MPP6
P25453,DMC1
P53886,APC1
P09798,CDC16
Q04601,APC4
P16522,CDC23
Q04089,DOT1
P35734,ASK1
P25627,BUD23
P38122,ECM31
P47086,YJR011C
P40493,BMT5
Q06651,PIB1
P38999,LYS9
Q08119,ESC8
P22696,ESS1
P40449,YIL161W
Q12676,FOL3
P53336,YGR283C
Q04867,YMR310C
P46959,GCD14
P41814,GCD10
P39967,UBP9
Q12059,ULA1
P31385,DEP1
Q08923,CTI6
P38293,UMP1
Q05778,PBA1
P36040,ADD66
P30402,URA10
P54857,TGL2
Q06512,NOC4
P40457,MLP2
Q03496,TRM732
Q12453,CEX1
Q06696,VPS36
P53853,VPS75
Q07794,RTT109
P39713,BDH2
P39714,BDH1
P07702,LYS2
Q06525,URN1
P38305,AIM4
Q06159,ATG39
P25638,TAH1
Q12433,AHC1
Q07729,GUD1
Q04311,VMS1
Q04608,YDR124W
Q03246,MRPS17
Q06665,RAD34
Q06333,CNL1
P48234,ENP2
P32614,FRD1
P43558,OTU1
P53072,TAN1
Q12211,PUS1
P53202,CUL3
P53219,IMO32
P42939,MVB12
Q99176,SRN2
Q04347,BUD22
Q3E705,EFG1
Q05583,CIA1
P38833,YHR127W
P38835,YHR131C
P40533,TED1
P39106,MNN1
P40566,EGH1
P40579,YIR035C
Q06053,DUS3
P53861,ELA1
P27351,APL1
P47009,YJL144W
P46997,JJJ2
P53280,CAF130
P47087,YJR012C
P47139,YJR098C
P36083,YKL075C
P53892,IBD2
P25576,POF1
P40555,NAS2
Q04437,YKU80
P53893,RIA1
Q12205,MNL2
Q03266,ABZ2
Q08001,LAM6
Q12208,USB1
Q12338,RNH203
O13565,YLR358C
P21182,SPE2
Q05040,FAR8
Q04773,YMR074C
P03962,URA3
Q03153,ATP25
P32493,AEP1
Q04458,HFD1
P38238,TRM7
A0A023PZH5,YMR290W-A
P42222,ERR3
Q08465,YNG1
Q12496,YOL098C
Q07458,RXT3
P47061,VPS53
P40856,SAP185
P38429,SAP30
Q04002,SCC2
P40090,SCC4
P53313,SDA1
P38797,PTC7
P24280,SEC14
P38968,SEC31
P47130,CSN12
P40510,SER33
P25342,CDC10
P32468,CDC12
P30283,CLB5
P32578,SIP1
P06700,SIR2
Q05854,YLR278C
P36123,SAP190
Q01590,SED5
Q01217,"ARG5,6"
Q99177,BRR1
P34164,SIP2
Q06091,SNT309
P53540,SPC98
P39723,SPC72
P28273,OXP1
P38281,APD1
P47134,BIR1
P53972,RCM1
P53921,YNL122C
Q12285,MDY2
P38276,YBR137W
P33420,NIP100
Q12125,GET4
P53738,TRM112
Q12463,TRM11
Q08421,ETT1
P34220,YBL055C
Q08422,TMC1
Q08634,YOR238W
O14468,YOR304C-A
Q12182,YOR342C
Q08816,YOR352W
Q08844,YOR365C
Q12092,ATG29
Q12049,THP3
Q06834,ASR1
Q06109,RRG8
Q12167,RRG1
Q12393,GEP5
Q06510,TAZ1
P03875,AI1
P41813,FKH2
P32874,HFA1
P19414,ACO1
P80210,ADE12
P02992,TUF1
Q12449,AHA1
P34248,YKL100C
P47771,ALD2
P54114,ALD3
P46367,ALD4
P38700,APM2
P43564,MIL1
Q00381,APS2
Q02804,ARL3
P38840,ARO9
Q04372,TAP42
P40154,IES2
P32479,HIR1
P32480,HIR2
P49090,ASN2
P16639,ATE1
P53296,ATF2
P53855,ATG2
Q06338,BCP1
Q08754,BUD7
P00812,CAR1
P53863,JJJ1
P53129,MON1
P38273,CCZ1
P14724,CDC26
P38042,CDC27
P04819,CDC9
P39014,MET30
P54730,UBX4
Q06682,UBX5
Q01159,CEG1
O13297,CET1
P38338,YBR259W
P34224,YBL059W
P38179,ALG3
Q07589,YDL144C
P34237,COY1
O13528,TY1A-A
O13528,TY1A-PR1
P38071,ETR1
P02405,RPL42A
P02405,RPL42B
P07266,MRS1
Q12109,WRS1
P38780,YHR054C
P42933,SPG5
P53394,YPR003C
P25356,BPH1
P32828,SLX5
Q12280,IQG1
P36101,TCD2
Q12530,RMP1
P38280,YSW1
P36135,UTH1
Q04225,RRB1
Q08960,TYW1
Q03254,FCP1
P40992,RRN7
P32786,RRN6
P36001,RMA1
O94084,OPI9
O13521,YPL035C
P34222,PTH2
Q08144,TLG2
Q12355,PST1
P46678,BDP1
P28005,POP5
P40571,RPR2
O13516,RPS9A
Q04712,RRN11
P21375,OSM1
P38990,SAK1
P30775,MRF1
Q04003,SAS4
P38732,EFM1
P27636,CDC15
P40455,YIL152W
P43549,AQY3
Q12191,BUG1
P53107,YRB30
P32836,GSP2
Q12390,GTT2
P06785,CDC21
P37297,STT4
P32806,GYP6
Q03102,YML131W
P32944,SWE1
Q03769,ENT5
P26263,PDC6
P17967,PDI1
Q08968,FMP40
P38165,RTG3
Q05024,TRI1
P40545,HIS6
Q06252,YLR179C
Q04371,YMR027W
P38164,SEA4
P31116,HOM6
P39941,DSF1
P39941,MAN2
P53724,MRPL50
Q07351,STP4
Q9URQ5,HTL1
P38207,APN2
P40985,HUL4
P07272,PPR1
P38163,SRO77
P32617,IES6
Q07790,YDR053W
P38896,YAR062W
P38896,YHR213W
P40033,RSM18
P53937,SWS2
P53305,RSM27
P47141,RSM26
Q02608,MRPS16
P35176,CPR5
P53733,RSM19
P32607,RTG1
Q12234,RUD3
P52867,PMT5
P32368,SAC1
P46946,SAE2
P53036,SAP4
P40963,SAS2
Q99314,SAS5
P25333,SAT4
P38627,URA8
P53120,YGL140C
Q08726,GPN2
P25303,SCJ1
Q05789,ATG38
Q04179,URH1
P32460,DCG1
P08019,SGA1
P05150,ARG3
P15367,SEC11
P33324,YKL091C
P17065,SEC2
Q06116,YPR117W
P38231,FMP23
Q12035,FCF2
P52960,PIP2
P40075,SCS2
P14906,SEC63
P29952,PMI40
P0C2J7,TY4B-H
Q04600,TMA64
P25582,SPB1
Q05949,BUR2
P51534,SHE4
P38086,RDH54
P33753,TRM2
P53274,YGR126W
P47058,TAD2
P12689,REV1
Q12107,APC9
O13522,YDR396W
P53190,YGL024W
P41821,MID1
Q06820,MDM36
P28791,SEC20
Q08817,SOG2
P28742,KIP1
P53315,SOL4
P25808,SPB4
P38185,YBL071C
Q03151,MTG1
P40039,FCY21
P53723,YNR021W
Q08580,PEX27
P05318,RPP1A
P36162,DAD2
P69852,HSK3
Q12455,SPE4
Q12188,REC8
P38765,YHI9
P38770,BRL1
P29056,BRF1
P38769,NEL1
Q04212,ARA2
P06843,SPT2
Q03675,YMR007W
P25648,SRB8
P14164,ABF1
Q02767,VPS28
P38790,HTD2
Q08646,SSP2
P11972,SST2
P39991,YEL025C
P42835,EGT2
P50104,STB4
P36158,YKR078W
P38300,MBA1
Q00947,STP1
Q05937,STP3
P38804,RTC3
P00724,SUC2
Q04235,TRM12
Q08108,PLB3
P36157,MSA2
P38109,YBR139W
P14284,REV3
Q12151,UPC2
P48412,UPF3
P38798,NMD2
P39007,STT3
P47007,MRX5
P25370,GFD2
P32623,UTR2
P53158,KXD1
P38428,CUE1
P38180,YBL081W
Q08831,VTS1
Q12416,WHI5
Q12363,WTM1
P53127,SNT2
P39102,XDJ1
P38856,YAP1801
P25578,PGS1
P41808,SMK1
P38239,YBR062C
P31382,PMT2
P38301,GDT1
Q06106,MRD1
P38306,YBR197C
P38149,DUG2
P32629,ANP1
P25654,YCR090C
Q07738,YDL241W
P32454,APE2
Q12457,NSI1
Q99288,DET1
P39966,PTC2
P52892,ALT2
Q03786,YDR248C
P35727,BLI1
Q04432,HSP31
P40006,IRC22
P38074,HMT1
P39997,NPP2
P15454,GUK1
Q6Q560,ISD11
P53308,YGR228W
P40043,RGI1
P40051,ICP55
P11709,BIK1
P40084,RTR1
P53183,YGL039W
P53179,RIM8
P38229,GIP1
P53171,GEP7
Q05131,RCH1
P45818,ROK1
P40495,LYS12
O13550,YLR269C
P53212,YGR021W
P42940,CIR1
Q06148,NEJ1
Q6B2L5,YML002W
Q6B2L5,YML003W
Q06493,YLH47
P38841,YHR138C
P38884,AIM18
P40522,VHR1
P53850,RTC4
P40462,TMA108
P20081,FPR1
P47046,IRC8
P42947,YJL107C
Q06489,MRI1
P40893,REE1
P40314,BTT1
P40917,CIN5
P47156,JHD2
P28320,YJU2
P36106,BYE1
P36090,ANR2
P36088,YKL069W
P36059,NNR2
A0A023PZE8,YDR157W
P53233,FMP48
P08640,FLO11
Q12429,DPH6
Q05777,NCW2
P53952,YNL050C
Q05809,COA4
P53124,PCL10
P53130,GPG1
Q05881,YLR287C
P33894,STE13
Q06485,ATG33
Q06709,REH1
P33734,HIS7
P23493,MBR1
Q07376,MCH1
Q12507,SFG1
P25375,PRD1
P11746,MCM1
P33411,PRP18
P32419,MDH3
P35191,MDJ1
Q08579,THI72
P25039,MEF1
P39677,MEF2
P53128,MET13
P46151,MET12
P32179,MET22
P32389,MET4
Q06580,MLC2
Q06390,PHO92
P39928,SLN1
Q12185,YDR018C
Q03236,YMR187C
P38194,YBL044W
P40514,YIL067C
P25653,FIG2
P38785,GIC1
P36527,MRPL28
P32618,YEL043W
P53255,DRN1
P38064,MRPL16
P39533,ACO2
Q02204,MRPL13
P53881,MRPL22
P32611,RML2
P22354,MRPL20
P31334,MRPL9
Q06524,SUE1
P40442,CSS1
Q12186,MSL5
P14908,MTF1
P39933,PZF1
P36130,CAF4
P47144,ECM27
P25087,ERG6
P10849,MTF2
P42900,SLS1
P30620,PSO2
P11325,NAM2
P28778,MRP17
P38830,NDT80
P36023,OAF3
Q08058,COQ10
P53204,NMA2
P40971,LYS14
Q05931,SSQ1
Q08905,FRE3
P25573,MGR1
P38287,CSH1
P53164,NPY1
Q03125,NRG1
Q08904,RDR1
Q02647,DYN2
P39720,OAF1
P38713,OSH3
P39946,PAC1
P40960,PAC11
Q12320,GLO4
P32383,PLC1
O13562,YLR171W
P32504,CBF2
P40316,PDS1
P32797,CDC13
P43568,CAK1
P06243,CDC7
P38834,YHR130C
P42948,SET4
P27514,PHO91
P24869,CLB2
P24871,CLB4
Q04869,YMR315W
P27466,CMK1
P23287,CNA1
P40531,GVP36
P39011,BEM4
P39101,CAJ1
P38845,CRP1
P25651,CSM1
Q04087,LRS4
Q12512,ZPS1
P49956,CTF18
P53137,CUE3
P15315,CUP2
P41817,CUP9
Q6B0Y7,YMR075C-A
P69850,DAD3
Q12374,NCA2
Q12123,DCS2
Q04487,SHH3
Q08550,MPC54
P47082,AVT1
P14066,CBS1
Q03465,RPN4
Q12428,PDH1
P39715,ECM1
Q05902,ECM38
P47051,AIM22
Q03764,EKI1
P32803,EMP24
P39704,ERP2
P50085,PHB2
Q03661,ESC1
P09201,FBP1
Q12235,YCT1
P22023,KRE5
P40491,FMC1
P22135,ATP12
P50264,FMS1
P53848,FOL1
P10663,MRP2
P21192,ACE2
P51998,YML6
P32388,MRP49
Q03327,UGO1
Q99252,ECM3
P53286,BTN2
P40214,YMR144W
P24868,CLB1
Q12086,DIN7
Q03533,TDA1
P19955,YMR31
P09624,LPD1
P53970,EFM6
Q05533,INM2
P53962,YNL035C
P53934,YNL092W
P25608,YCR102C
P53912,YNL134C
P53910,YNL140C
P53899,CUZ1
P25270,MRM1
P53889,FMP41
P10355,PET122
P53732,MRPS12
P49957,TRM9
P38329,VHC1
Q08225,YOL057W
Q3E769,YOL159C-A
Q12274,YOR097C
Q12340,YRM1
Q08687,TMA16
Q12012,YOR289W
Q08774,RRG7
P22936,APN1
P18412,TEC1
Q02979,GDE1
P09880,TRL1
P47159,YJR124C
P20840,SAG1
Q07951,IRC25
Q08956,YIG1
Q08961,RKM1
P47147,YMR1
Q12350,JID1
Q06107,YPR114W
P48559,YPT11
P53082,BOL2
Q12333,FRE7
P32350,KNS1
P03873,BI2
Q05911,ADE13
P38324,SLX1
P81449,TIM11
P40008,FMP52
P04397,GAL10
P43615,IRC6
P38226,CST26
P38115,ARA1
P32606,PET127
P35736,YKL050C
P53923,NCS2
P38361,PHO89
Q12216,NFI1
P40434,YIL177C
Q04116,YHP1
P34233,ASH1
P32453,ATP11
Q12349,ATP14
P12630,BAR1
P53108,YIP5
P33335,SGE1
P38334,TRS20
P32451,BIO2
Q12078,SMF3
Q05979,BNA5
P06780,RHO1
P33418,LOS1
P52918,MSN5
Q03020,ISU1
Q07540,YFH1
Q0PVE0,SEC23
Q0PVD8,SEC24
Q0PVD7,LST1
Q0PVD9,SHL23
Q05947,UCC1
P38872,PFS1
P32788,YBL010C
P35842,PHO11
P43623,IRC7
P00635,PHO5
P25300,BUD5
Q06324,MMR1
Q03178,PIR1
Q12089,AEP3
P13586,PMR1
P18238,AAC3
P39004,HXT7
P53326,YGR266W
Q00055,GPD1
P36069,PMU1
P38710,INM1
Q06134,SPO77
P25040,TSR4
P48232,SNN1
P38292,PEX32
P39983,YEL057C
P46683,YAR1
P40530,PKP1
Q04935,COX20
Q08919,TRE1
P38356,BSD2
Q3E833,PCC1
Q12690,RPL13A
P32589,SSE1
Q12492,YPR064W
P53228,NQM1
Q12064,BUD30
P04817,CAN1
Q12691,ENA5
P38298,YPC1
P38776,YHK8
P39547,UIP3
P19516,COX11
P25639,YCR061W
P87284,PMP3
P41544,SYS1
P53746,FRE4
Q12359,ATO3
P33303,SFC1
P46961,GPI2
P53918,ESBP6
P40975,PMP2
P32903,PMP1
P32842,VMA11
P25346,GIT1
P25613,ADY2
P43548,AGP3
P40464,FLX1
P53048,MAL11
Q04121,NHX1
Q06686,CTR3
Q12067,ATX2
P48813,GNP1
P41815,BAP3
P32837,UGA4
P38156,MAL31
P38358,VBA2
P39548,YAR028W
P25596,GEX1
P08456,CHO1
P25568,ATG22
P53954,ALG11
Q03655,GAS3
P11655,SEC12
P40367,LAS21
Q99380,OST4
P25621,FEN2
P39540,ELO1
P25354,YCR007C
P25625,PER1
P53057,YPS5
Q04629,SWF1
P53181,YGL042C
P53320,MTM1
P19145,GAP1
P25594,VBA3
P53744,BIO5
P41735,CAT5
P36032,MCH2
P36057,SRP102
P53176,MST27
P36029,TPO5
P53344,COS6
P39552,MST28
P40310,TOK1
Q04697,GSF2
Q04952,FKS3
P42833,HXT14
P34240,ZRT3
Q08485,NRT1
P40886,HXT8
P47026,GWT1
P47040,YHC3
P53735,ZRG17
Q03455,MSC2
P38842,YHR140W
P40035,PIC2
P53983,ASI3
P38221,CDS1
P53273,YGR125W
P43682,SFT1
P50108,MNN10
P40440,YIL171W
P32791,FRE1
P00425,COX5B
P22214,SEC22
P38176,AVT5
Q06135,GAS2
Q12402,YOP1
P53752,YNR066C
P40557,EPS1
P39003,HXT6
P40441,HXT12
P42934,PMT6
P40004,YEA4
P38729,YHL042W
P25358,ELO2
P43571,BST1
P22804,BET1
P25641,ATG15
P53174,PRM8
P53142,VPS73
P38355,YBR287W
P40885,HXT9
P35723,YET1
Q12445,POM34
P39551,PRM9
Q04399,GMC1
Q12233,ATP20
P53835,PRM1
P22215,SLY41
P38250,IST2
P40169,YNL194C
P36033,FRE2
Q06598,ARR3
P18414,ERD2
Q04746,KAR5
P40478,POR2
P39006,PSD1
P32331,YMC1
P42836,PFA3
P41930,SSU1
P42946,PRM10
P38928,AXL2
P40970,LCB2
Q03263,YMR279C
P33311,MDL2
P36015,YKT6
P38969,PNT1
P38131,KTR4
P39542,YJL193W
P53306,GPI1
P42951,LSB6
Q01560,NPL3
P36159,TRZ1
P40968,CDC40
P40573,MET28
P53253,NNF2
P36094,SPC42
P38748,ETP1
P53159,MPS2
P47023,TY4A-J
P47024,TY4B-J
Q06568,NDL1
P41901,SPR3
P08153,SWI5
P38130,KTR3
P25385,BOS1
Q04835,YMR253C
O13527,TY1B-A
P16658,SEN2
P53046,ROM1
P53947,YNL058C
P36150,MET1
P07248,ADR1
Q07555,YDL129W
P39107,MNN9
P40467,ASG1
P27796,POT1
P15202,CTA1
P39718,PEX22
P40546,FAF1
P08539,GPA1
P14681,KSS1
P21268,FAR1
P18852,STE18
P40468,TAO3
P17214,EST1
P40969,CEP3
P35201,MIF2
P38151,PBP2
P25390,SSK22
Q03656,SKY1
P38956,SNF11
Q08018,YLR076C
P38346,BIT2
P25345,SLM5
Q04511,UFO1
P53248,PEX8
P53100,YGL185C
P40465,CSM2
P53837,YNL276C
P32329,YPS1
P32522,PET309
P40538,YIL029C
P38960,STN1
P22035,BAS1
Q12272,TPT1
P26725,YUR1
O13329,FOB1
P43538,YFL066C
P36117,ALY1
P25612,AAD3
P53189,SCW11
Q03667,MIX17
P40570,VLD1
P06738,GPH1
P18544,ARG8
P08638,LEU3
P36126,SPO14
P36066,YKL133C
P53727,BUD17
Q12068,GRE2
Q08887,NDD1
P40416,ATM1
P47074,MAD3
P53230,TAM41
P53270,YGR117C
Q06479,YLR352W
Q05930,MDM30
P50623,UBC9
P40151,MGS1
P49017,COQ5
Q12310,PRR2
Q03144,SNO1
P43544,SNO3
P22209,KIN3
P23179,SPO11
P17123,SPO12
P23624,SPO13
Q04921,SPR28
P22768,ARG1
P33317,DUT1
P53081,NIF3
P35497,SOR1
P41835,THI6
P53215,THG1
Q05016,YMR226C
Q03824,INP2
P32916,SRP101
P38871,SSP1
Q03900,YDR132C
Q04175,SXM1
Q05871,ECI1
P38771,RRF1
P47041,BIT61
Q08931,PRM3
P32318,THI4
P05986,TPK3
P52871,SBH2
P38897,YAR066W
P38897,YHR214W
Q99395,YPL229W
Q99344,UBA3
Q12084,DAS2
P27515,URK1
P53845,YIF1
Q08743,YOR292C
Q12231,TY1A-DR5
Q12231,TY1A-ER2
Q12231,TY1A-GR3
Q12231,TY1A-LR1
Q12231,TY1A-MR2
Q12045,VIK1
Q12260,TY2A-B
Q12503,TY2B-F
Q12503,TY2B-GR2
P38278,BMT2
P52920,NBP35
P38303,YBR190W
P39009,DUN1
P40052,YER079W
Q03220,CTL1
P28239,PPA2
P25383,TY2A-C
P25575,YCL046W
P25349,YCP4
P43619,BNA6
P38767,ERC1
Q07395,SYO1
Q07438,YDL071C
Q04004,PLP1
P40326,YGR269W
Q12066,NUR1
Q12513,TMA17
Q03441,RMD1
Q12516,SRF1
P36087,YKL070W
Q12411,SPO21
Q12298,YDR061W
P53069,YGL239C
Q12497,FMP16
P53093,YIP4
Q04598,YDR115W
P40892,YJL218W
P46671,FAR3
P53917,FAR11
Q12240,YDR215C
Q03559,YMR295C
Q12023,YDL011C
P53087,YGL214W
P53074,YGL230C
P53210,YGR017W
P53272,YGR122W
P48239,GTO1
P32564,SCM4
P38744,YHL018W
P53343,PAU12
P53717,YNR005C
P38957,SHU2
P38725,PAU13
P40539,YIL028W
P38763,YHR022C
Q12013,AKR2
P38815,YPT35
P38823,DMA1
O13537,YHR145C
P40554,URM1
P40552,TIR3
P40515,FIS1
Q99219,TY3A-I
P40479,SDP1
Q00772,SLT2
O13554,VPS65
Q12318,PSY3
P40456,ESL1
Q12303,YPS3
P40565,IST3
Q04674,YMR057C
P47049,UBX6
P47025,MDV1
P46999,PIR5
P47095,MDE1
Q06543,GPN3
P36097,TTI1
P47168,TTI2
P36075,CUE2
Q06010,STE23
P36144,UTP30
P36168,ESL2
P53755,BSC5
Q12358,JLP1
Q12253,YLR046C
Q12142,ATG9
Q99382,ENV10
Q06001,FAR10
P46972,IMP2
P38796,PPE1
P18634,ART10
O13558,BSC3
Q04978,YML053C
Q03208,YML119W
Q04272,VPS20
Q03177,YMR102C
P39721,AIM2
Q00246,RHO4
P47036,APQ13
P53887,YNL171C
P43547,AAD6
Q02196,MET14
P42843,SKP2
P53726,YNR025C
P47038,YJL064W
P53729,YNR029C
P53754,YNR068C
Q08241,YOL106W
P39923,NPR2
Q08977,YPL260W
Q03231,YMR181C
Q08786,YOR331C
P53906,YNL146W
P46680,AIP1
P00912,TRP1
Q6Q5F3,YPR053C
P53102,MND1
P53310,YGR242W
P32584,STE14
Q99326,YOR338W
P22224,SEC15
P40583,YPS6
P26449,BUB3
P20438,CLN2
P40476,PRM5
Q02891,EEB1
P50078,TOS2
P20437,CLN1
P13365,CLN3
P42845,STB1
P53061,ZIP2
P87283,YDR274C
P23748,MIH1
Q08471,MSA1
Q12744,YML094C-A
Q04461,EUC1
P48568,YDL186W
P53968,CRZ1
P53721,RCF2
P25355,CTR86
P25378,RHB1
P53979,YNL013C
P43563,MOB2
P38268,YBR116C
P38740,YHL026C
Q04751,NAT4
Q08908,FRE5
P38277,YBR138C
P38348,HSM3
P39703,YAL004W
Q04401,SDH7
P39970,ACA1
P38867,YHR177W
P40473,POG1
P08521,YOR302W
P40560,YIL001W
P25044,PTP1
P40063,RTT105
Q12405,LPX1
O13564,YLR428C
Q02770,CWC27
Q03831,YDR095C
P53854,CWC25
Q12317,MSB4
P38696,ARP1
P35210,SPT23
Q06608,YPR172W
P32579,SUA5
P39545,PAU7
P87271,YDR455C
P39105,PLB1
P53980,YNL011C
Q06819,DIB1
Q12354,YLR118C
O13556,YLR462W
Q02754,YPL067C
O13575,YPR177C
P46974,RSF2
P46943,GUF1
Q12246,LCB4
P40042,RRT13
P38716,YHR112C
Q08949,DDC1
P53749,YNR063W
P35209,SPT21
P36058,YKL153W
P32572,SPS18
P38232,REG2
Q12300,RGT2
P46982,MNN5
Q06160,SPH1
O13583,YPR077C
P0C0X0,RPS28B
P38204,RRN10
P13856,RSR1
P05375,OPI3
P39945,AST2
Q08202,OPI10
Q08650,DGA1
Q12436,ZRT2
P89113,DDR2
P38921,PET8
P53039,YIP1
P38862,ATG7
Q06592,HPA2
Q99383,HRP1
Q08214,NTG2
P53437,RRN9
Q02948,VPS30
Q12115,YDL016C
P36116,VPS51
P32489,MEI5
P52491,UBC12
P32900,SKG6
Q05899,YLR297W
P50945,MIC27
Q08914,HSP33
Q08992,HSP32
Q12520,HUT1
P47166,SGM1
P32476,ERG1
P53615,NCE103
P53909,AAH1
P54780,RPL15B
P38243,YBR071W
P22133,MDH2
P19657,PMA2
P01094,PAI3
P47027,DPB11
P39952,OXA1
P38959,VPS41
P40955,CHS6
P10863,TIR1
P25365,SED4
P38275,YBR134W
P43560,LAM5
P00331,ADH2
Q08269,ALR1
P48360,ARH1
Q04549,ARP10
P53012,SCS3
P40448,YIL163C
Q12110,YLR049C
P48238,YGR153W
P33199,YGL015C
P32857,PTM1
P25630,YCR050C
P43625,YFR057W
P53740,YNR048W
Q12094,TSR3
Q08484,GYP1
P39110,CIN4
P38150,YBR284W
Q03652,DML1
P23285,CPR2
P32459,DAL3
P21705,DAL82
Q08558,DCI1
Q06011,ECM19
Q99210,YOR111W
P53288,YGR160W
P47069,MPS3
Q03778,FMN1
Q04299,YMR087W
P32805,FZF1
P38693,PHO12
P38812,GEP4
P53687,HST3
P34243,HCS1
Q04893,YMR317W
Q06667,IPK1
P53769,CWC24
P32645,ISC10
Q02895,AAD16
Q12056,ISU2
P34234,LOT5
P32601,DSS4
P53237,LST7
P50113,LYS5
P16523,MER1
Q02659,YPL025C
P38714,MSR1
P32567,PAH1
Q12175,MSH5
P45819,SPO74
P40357,SEC9
P38855,PEX18
P40588,YIR044C
P47042,IKS1
P39685,POM152
P32838,PPG1
P15380,PUT4
P25381,RRT12
O13543,YLR294C
Q99401,YPL238C
Q12251,YPR011C
P38953,RAD55
P38622,RCK1
P21190,IME1
P32385,RNP1
P43594,MIC19
Q06149,PDR8
Q05610,DON1
P38838,WSS1
P53047,RTA1
P40898,YJL211C
Q01589,SED1
P41318,LST8
P41903,TES1
P53940,APJ1
Q03612,TY1B-ER1
Q12088,TY1B-LR1
P35724,MNR2
P14180,CHS2
Q12369,SFI1
P32336,NUD1
Q04934,IVY1
A5Z2X5,YPR010C-A
P32943,CLB6
P53086,KIP3
P38805,RPF1
P53170,PKP2
P08431,GAL7
O14467,MBF1
P29461,PTP2
Q12196,RIO1
P47100,TY1B-JR2
Q03212,EAR1
P53865,CNM67
P19812,UBR1
P53090,ARO8
Q06177,TMA10
P53916,TEP1
P07236,MST1
P0C074,YSF3
Q03785,VHS1
P0C2J3,TY2B-LR1
Q12100,RTK1
Q12222,YGK3
P42937,YCH1
P27810,KTR1
Q02981,YPL109C
P32789,ALK2
P39518,FAA2
P07252,CBP1
P32562,CDC5
P40988,FET4
P40484,MOB1
P32328,DBF20
P22204,DBF2
P25626,IMG1
Q01766,HAL1
P43606,PTR3
Q04409,EMI2
Q12505,SKS1
P0C2I8,TY1A-LR4
P40099,FAU1
P22148,MSN1
P36005,KDX1
P00572,CDC8
A6ZR80,NSA2
A7A239,LOC1
P46987,YJL181W
P27697,COQ8
Q08747,UAF30
P38690,YHR033W
P11412,ZWF1
P33309,DOM34
P21306,ATP15
P53722,ATP23
O74700,TIM9
P54000,SUB1
P53686,HST2
P52919,NBP1
P0CX39,RPS8A
Q04013,YHM2
P47124,HOC1
P32905,RPS0A
Q06616,YPR174C
P40486,SHQ1
P53919,NAF1
Q96VH5,MIC10
P50087,MIC26
P36112,MIC60
P38341,MIC12
Q12017,PLP2
P36526,MRPL27
P0CX50,RPL18B
P0CX83,RPL19B
P0CX46,RPL2B
P0CX32,RPS24B
P0CX48,RPS11B
P0CX60,TY1A-PR2
P0C2H8,RPL31A
P0CX37,RPS6A
P0CX36,RPS4B
P0CX84,RPL35A
P0CX85,RPL35B
P0CX47,RPS11A
P0CX56,RPS18B
Q04706,TY1A-ML1
P0CX41,RPL23A
P0CX82,RPL19A
P0CX35,RPS4A
P0CX38,RPS6B
P0CX40,RPS8B
P0CX44,RPL1B
P0CX66,TY1A-ER2
Q12269,TY1B-GR2
Q12470,TY1A-NL2
P0CX24,RPL20B
P0CX49,RPL18A
P0CX42,RPL23B
P0CX43,RPL1A
P0CX59,TY1A-OR
P0CX54,RPL12B
P0CX53,RPL12A
P0CX58,TY1A-PR1
P0CX67,TY1A-GR3
P0CX45,RPL2A
P0CX23,RPL20A
P0CX55,RPS18A
P0CX65,TY1A-DR5
P53221,RPL26B
Q12108,RTC5
P34247,UTP11
P0CX51,RPS16A
Q08004,BUD20
Q03855,TY1B-DR1
P49626,RPL4B
P05745,RPL36A
Q05498,FCF1
O74302,TY1A-DR4
P0CX52,RPS16B
Q99359,RAD61
P40233,cki1
C8Z569,EC1118_1D0_4126g
Q96WV5,SPBPJ4664.04
B3LT19,RPS0B
P53024,SEC13
Q9P4C6,SEC12
Q9P4C8,SAR1
P40382,cdt1
P0C014,ubi1
P0C014,ubi3
P0C014,ubi4
P0C014,ubi5
P0C014,uep1
O75004,cdc24
Q683Z9,Cds1
Q9P7T4,mrc1
Q8TFF6,GDH1
P29458,mcm4
B5VKC0,AWRI1631_82440
O94668,nse5
O13826,rfp1
O13688,nse6
O13351,pmt3
Q9UT72,rfp2
Q9USX3,rad60
P87176,slx8
A8BBI7,GL50803_14460
A8BLG8,GL50803_8189
A8B3M5,GL50803_16090
Q53HI1,UNC50
Q10045,unc-50
Q5AMQ3,RGA2
P0CY33,CDC42
Q5ABE2,HGC1
O13759,csx1
Q10156,lkh1
O59790,ark1
O94451,pli1
Q9UTC9,SPAC227.10
O74747,rhp18
Q9US25,hrp1
O59797,SPCC364.06
O14139,hrp3
O94236,moe1
O43030,fes1
P78795,tif35
O94267,spt16
O74879,enp2
Q9UJY5,GGA1
Q7Z3U7,MON2
Q93074,MED12
Q9UHV7,MED13
Q11120,ofd1
Q9USJ7,nro1
P61978,HNRNPK
Q9LSM5,At5g65490
Q01495,PEX5
Q3ZJZ2,PEX20
Q09763,gef1
Q9UUM7,hob3
Q01112,cdc42
Q9C103,eme1
P87231,mus81
O74880,pcm1
O74627,pch1
Q96WV9,cdk9
Q9URY2,alp7
O94534,alp14
Q5AH02,IQG1
P43063,CDC28
Q5ALY0,CLB2
Q5A0A9,CLB4
Q5AAF4,BNR1
Q5AL52,BNI1
P62991,Rps27a
P62991,Uba52
P62991,Ubb
P62991,Ubc
P67828,CSNK1A1
Q16186,ADRM1
O48726,RPN13
P0CG48,UBC
P55034,RPN10
P55036,PSMD4
Q9UHD9,UBQLN2
Q9SII8,DSK2B
Q84L32,RAD23A
P54725,RAD23A
Q9H9P5,UNKL
Q5FWH2,Unkl
Q92925,SMARCD2
P0CG53,UBB
Q06336,GGA1
P04909,hta1
Q10337,brc1
Q9Y4P1,ATG4B
Q14596,NBR1
O60238,BNIP3L
Q9Z2F7,Bnip3l
Q09826,sds23
P0CT53,tef101
Q92345,SPAC1F8.07c
O74887,tpx1
P78958,tdh1
Q9P7Q9,alg9
P21565,srp54
P79015,rpl3202
Q92366,rpl29
Q9USR7,rpl3801
O94438,rps102
O74893,rps20
O14150,rps1401
O14150,rps1402
O60144,rps1601
O60144,rps1602
P30821,obr1
Q9USM3,sfh1
P37382,rpb3
Q9HE05,ufd2
Q9UT46,moc3
P47979,zfs1
O13370,ded1
O13672,rpl8
Q10192,rpl1801
P28189,rps13
Q09694,lys3
O74538,rpl2702
P05732,rpl2001
P05732,rpl2002
P40370,eno101
Q9UT97,pup2
P28758,sod1
Q9HDX9,mse1
Q10281,rkp1
O75000,rpl1201
O75000,rpl1202
P52822,rpl501
O14460,eft201
O14460,eft202
P17478,rpp202
O13802,ebp2
Q9UR09,psu1
P36580,fba1
Q10272,crb3
O74535,SPCC74.02c
O94646,med8
O74825,rpb4
O14258,ace2
Q5KLS3,CNB04250
Q3T133,TMED9
P39656,DDOST
O15503,INSIG1
Q91AV1,S
Q9Y5U4,INSIG2
Q0E7J7,stn1
O14246,tpz1
P0C5Y7,ten1
Q5ADP3,SSN6
Q5ADP0,RPD31
P0CY34,TUP1
P11884,Aldh2
P00842,oli
P04689,tub1
O94452,mcp1
Q10113,mal3
Q92351,pcp1
Q9Y705,alp4
P33991,MCM4
Q5AL49,SEC2
P61925,PKIA
O14188,rng2
P10989,act1
O59945,fim1
Q10146,rrp6
O74958,mmi1
P37202,dis3
O14327,pab2
Q10295,pla1
P20689,Mylk2
Q16204,CCDC6
Q9Y4H2,IRS2
Q8NHG8,ZNRF2
Q96B36,AKT1S1
O94885,SASH1
Q86X29,LSR
O60343,TBC1D4
Q86TI0,TBC1D1
Q14432,PDE3A
Q61337,Bad
P02283,His2B
P02283,His2B:CG17949
P02283,His2B:CG33868
P02283,His2B:CG33870
P02283,His2B:CG33872
P02283,His2B:CG33874
P02283,His2B:CG33876
P02283,His2B:CG33878
P02283,His2B:CG33880
P02283,His2B:CG33882
P02283,His2B:CG33884
P02283,His2B:CG33886
P02283,His2B:CG33888
P02283,His2B:CG33890
P02283,His2B:CG33892
P02283,His2B:CG33894
P02283,His2B:CG33896
P02283,His2B:CG33898
P02283,His2B:CG33900
P02283,His2B:CG33902
P02283,His2B:CG33904
P02283,His2B:CG33906
P02283,His2B:CG33908
P02283,His2B:CG33910
P02299,His3
P02299,His3:CG31613
P02299,His3:CG33803
P02299,His3:CG33806
P02299,His3:CG33809
P02299,His3:CG33812
P02299,His3:CG33815
P02299,His3:CG33818
P02299,His3:CG33821
P02299,His3:CG33824
P02299,His3:CG33827
P02299,His3:CG33830
P02299,His3:CG33833
P02299,His3:CG33836
P02299,His3:CG33839
P02299,His3:CG33842
P02299,His3:CG33845
P02299,His3:CG33848
P02299,His3:CG33851
P02299,His3:CG33854
P02299,His3:CG33857
P02299,His3:CG33860
P02299,His3:CG33863
P02299,His3:CG33866
Q14974,KPNB1
P50528,plo1
Q10951,byr4
Q09825,sad1
P40923,yox1
P01129,cdc10
P41412,res2
P33520,res1
P41889,cut9
O13916,hcn1
Q96RG2,PASK
Q9UTR8,red1
Q10237,SPAC4G9.04c
P68135,ACTA1
P04049,RAF1
Q9CQM9,Glrx3
O60175,SPBC21H7.06c
O59855,ssa2
Q10265,ssa1
P03122,E2
Q9Y709,skp1
Q9P7W4,pof10
Q10223,pof14
O00091,zwf1
Q01663,pap1
O13746,SPAC16E8.18
O74854,pof6
O74531,pof7
P30666,mcm3
O14170,pop2
Q9Y7Z7,mrp15
P15258,ral2
Q10207,SPBC17D1.01
O60101,pgk1
Q9P7D7,lcf2
O13960,ecm33
Q9USP0,tif221
Q9UT25,SPAC9.02c
O94684,pmh1
P36596,erg9
P36623,gpm1
Q10253,mug64
O74760,tif32
O13790,cul1
Q59UR3,SWI1
P54727,RAD23B
Q10213,srs2
O13600,sws1
O13800,rdl1
O74331,rlp1
P50527,shk1
P40996,scd2
Q06409,DCK1
P63000,RAC1
O13842,cda1
Q8N2Y8,RUSC2
Q8X1E6,CDC37
Q9Y7W4,CRK1
A0A1D8PN90,STI1
Q8JHG4,taf7
Q99158,SIL1
Q99170,KAR2
P84077,ARF1
P35197,GCS1
O75771,RAD51D
P36592,rad22
P36601,rhp51
Q24159,CycJ
Q24152,Cks30A
Q24158,CycD
O60016,clr4
P09988,hht1
P09988,hht2
Q16667,CDKN3
P40381,swi6
P36594,rpb1
Q10434,acp1
Q02061,rpb2
O14459,rpb7
O43026,gpd3
Q10270,met16
Q2U5K2,dre2
P51123,Taf1
P01730,CD4
O60187,sid4
O13652,sfi1
O13961,cut11
O59755,cut12
O94385,pom152
P25295,tug1
P36955,SERPINF1
P00747,PLG
P61619,SEC61A1
O13828,dcp2
O94752,edc3
Q9HGL3,sum2
Q9P805,dcp1
Q9H7Z6,KAT8
Q6CRN7,CTF19
Q6CVQ9,MCM21
Q6CJY0,OKP1
Q6CUE5,AME1
C8ZB10,EC1118_1J11_0210g
C8ZEN3,EC1118_1M3_1882g
C8Z5H8,EC1118_1D0_5446g
O55091,Impact
P79010,cox4
O14156,ptc4
Q09892,sty1
Q09864,hsp60
P68431,H3C1
P68431,H3C10
P68431,H3C11
P68431,H3C12
P68431,H3C2
P68431,H3C3
P68431,H3C4
P68431,H3C6
P68431,H3C7
P68431,H3C8
O94301,hfi1
O13282,taf5
Q9HFE8,tra1
Q9UUK2,gcn5
O74462,taf6
O60097,spt8
P87152,spt7
Q7LL15,sus1
Q9USW9,sgf29
O13722,taf12
Q9C0X6,rvb1
Q9P7J7,ada2
Q5FC18,sgf11
O94397,sgf73
O14174,spt20
O60171,taf10
Q9USU8,ngg1
Q09869,taf9
O94692,rvb2
Q09738,ubp8
O14311,spt3
O94600,tti1
Q9P3W5,tel2
Q10064,SPAC1F5.11c
Q10319,yaf9
Q9P7X7,alp5
O14240,eaf6
O59773,vid21
O74350,bdc1
O42924,eaf7
O14308,swc4
O94446,mst1
O42871,png1
Q9UU94,epl1
O94729,SPBC1604.17c
Q9UTR9,asa1
O94450,SPAC1687.04
P49731,mcm6
P41389,mcm5
O75001,mcm7
Q58542,MJ1142
Q5JIF4,TK0994
O94329,psf2
O74113,sna41
O42709,mcm10
P40377,mcm2
Q9P7C8,sld5
Q9UTC3,psf3
Q9P7X6,psf1
O94263,dpb2
P87154,pol2
P32372,rad4
O14216,drc1
Q07812,BAX
Q10356,hsp3106
Q75E93,AGOS_AAR187C
Q75FB3,AGOS_AAL182W
Q757M9,AGOS_AEL007W
P06400,RB1
Q9C107,mcl1
O43091,dps1
P0AD57,ispB
O13851,dlp1
P62740,ACTA2
O14185,stg1
Q10256,mud1
O74803,rhp23
O95400,CD2BP2
Q10169,dph1
P28829,byr2
P01112,HRAS
